Symbol,Name,Last Sale,Net Change,% Change,Market Cap,Country,Volume,Sector,Price x Volume
ACY,AeroCentury Corp. Common Stock,$9.70 ,6.15,173.24%,Micro,United States,147576394,Technology,"$1,431,491,021.80 "
SNOA,Sonoma Pharmaceuticals Inc. Common Stock,$8.80 ,1.37,18.44%,Micro,United States,15284234,Health Care,"$134,501,259.20 "
VIACP,ViacomCBS Inc. 5.75% Series A Mandatory Convertible Preferred Stock,$67.10 ,-0.05,-0.07%,Micro,United States,938743,Consumer Services,"$62,989,655.30 "
PFIN,P & F Industries Inc. Class A Common Stock,$7.66 ,1.0597,16.06%,Micro,United States,7126818,Technology,"$54,591,425.88 "
CMIIU,CM Life Sciences II Inc. Unit,$14.12 ,1.32,10.31%,Micro,United States,3558618,Finance,"$50,247,686.16 "
MDLY,Medley Management Inc. Class A Common Stock,$7.90 ,0.9,12.86%,Micro,United States,5469918,Finance,"$43,212,352.20 "
AVGOP,Broadcom Inc. 8.00% Mandatory Convertible Preferred Stock Series A,"$1,502.53 ",28.04,1.90%,Micro,United States,26678,Technology,"$40,084,495.34 "
ARVL,Arrival Ordinary Shares,$16.24 ,0.18,1.12%,Micro,Luxembourg,2368977,Finance,"$38,472,186.48 "
GBR,New Concept Energy Inc Common Stock,$5.24 ,0.95,22.15%,Micro,United States,5784015,Energy,"$30,308,238.60 "
EEIQ,Elite Education Group International Ltd. Common Stock,$11.91 ,-0.59,-4.72%,Micro,United States,2469970,Consumer Services,"$29,417,342.70 "
TLGT,Teligent Inc. Common Stock,$0.70 ,0.0779,12.52%,Micro,United States,39450026,Health Care,"$27,615,018.20 "
YVR,Liquid Media Group Ltd. Common Shares,$3.65 ,-0.54,-12.89%,Micro,Canada,7397553,Technology,"$27,001,068.45 "
JAN,JanOne Inc. Common Stock (NV),$8.80 ,0.38,4.51%,Micro,United States,2944778,Consumer Services,"$25,914,046.40 "
BNTC,Benitec Biopharma Inc. Common Stock,$5.81 ,0.64,12.38%,Micro,United States,4196670,Health Care,"$24,382,652.70 "
WAFU,Wah Fu Education Group Limited Ordinary Shares,$10.32 ,-2.18,-17.44%,Micro,China,2315970,Consumer Services,"$23,900,810.40 "
HPR,HighPoint Resources Corporation Common Stock,$4.73 ,-0.74,-13.53%,Micro,,4060201,Energy,"$19,204,750.73 "
SJIV,South Jersey Industries Inc. Corporate Units,$50.40 ,0.71,1.43%,Micro,United States,285185,Public Utilities,"$14,373,324.00 "
IMTE,Integrated Media Technology Limited Ordinary Shares,$5.91 ,0.3,5.35%,Micro,Australia,2323629,Consumer Non-Durables,"$13,732,647.39 "
TWOA,two Class A Ordinary Shares,$9.95 ,0,0.00%,Micro,,1236907,Finance,"$12,307,224.65 "
SWT,Stanley Black & Decker Inc. Corporate Unit,$121.49 ,3.51,2.98%,Micro,United States,99084,Capital Goods,"$12,037,715.16 "
TYHT,Shineco Inc. Common Stock,$4.74 ,0.65,15.89%,Micro,China,2324161,Consumer Non-Durables,"$11,016,523.14 "
VTSI,VirTra Inc. Common Stock,$5.57 ,-0.58,-9.43%,Micro,United States,1964481,Consumer Durables,"$10,942,159.17 "
AEHL,Antelope Enterprise Holdings Limited Common Stock (0.024 par),$3.09 ,-0.02,-0.64%,Micro,China,3447129,Capital Goods,"$10,651,628.61 "
AESC,The AES Corporation Corporate Units,$104.80 ,1.5,1.45%,Micro,United States,87617,Basic Industries,"$9,182,261.60 "
SRNGU,Soaring Eagle Acquisition Corp. Unit,$10.18 ,0.06,0.59%,Micro,United States,899149,Finance,"$9,153,336.82 "
CLWT,Euro Tech Holdings Company Limited Common Stock,$3.54 ,0.44,14.19%,Micro,Hong Kong,2585654,Consumer Durables,"$9,153,215.16 "
RCON,Recon Technology Ltd. Ordinary Shares,$5.16 ,-1.32,-20.37%,Micro,China,1753385,Energy,"$9,047,466.60 "
UUU,Universal Security Instruments Inc. Common Stock,$7.16 ,0.41,6.07%,Micro,United States,1244053,Technology,"$8,907,419.48 "
AIZN,Assurant Inc. 5.25% Subordinated Notes due 2061,$25.77 ,0.05,0.19%,Micro,United States,344269,Finance,"$8,871,812.13 "
NRACU,Noble Rock Acquisition Corporation Unit,$9.91 ,0.02,0.20%,Micro,United States,847557,Finance,"$8,399,289.87 "
SPKBU,Silver Spike Acquisition Corp II Units,$9.97 ,0.025,0.25%,Micro,United States,787477,Finance,"$7,851,145.69 "
MSDAU,MSD Acquisition Corp. Unit,$10.18 ,0.03,0.30%,Micro,United States,758081,Finance,"$7,717,264.58 "
HERAU,FTAC Hera Acquisition Corp. Units,$9.97 ,-0.02,-0.20%,Micro,United States,767890,Finance,"$7,655,863.30 "
CPHI,China Pharma Holdings Inc. Common Stock,$0.94 ,0.0985,11.73%,Micro,China,8051725,Health Care,"$7,556,543.91 "
DUKB,Duke Energy Corporation 5.625% Junior Subordinated Debentures due 2078,$26.90 ,0.06,0.22%,Micro,United States,271614,Public Utilities,"$7,306,416.60 "
ASAI,Sendas Distribuidora S.A. ADS,$13.05 ,0.05,0.39%,Micro,,552469,Consumer Services,"$7,209,720.45 "
NGCAU,NextGen Acquisition Corp. II Units,$9.93 ,0.03,0.30%,Micro,United States,600132,Finance,"$5,959,310.76 "
POAI,Predictive Oncology Inc. Common Stock,$1.47 ,0.26,21.49%,Micro,United States,3875059,Health Care,"$5,696,336.73 "
SSAA,Science Strategic Acquisition Corp. Alpha Class A Common Stock,$9.75 ,0.13,1.35%,Micro,United States,576685,Finance,"$5,622,678.75 "
GSAQU,Global Synergy Acquisition Corp. Units,$10.03 ,0.07,0.70%,Micro,United States,526133,Finance,"$5,277,113.99 "
DHHC,DiamondHead Holdings Corp. Class A Common Stock,$9.75 ,-0.01,-0.10%,Micro,United States,531333,Finance,"$5,180,496.75 "
NLSP,NLS Pharmaceutics Ltd. Ordinary Shares,$4.12 ,0.08,1.98%,Micro,Switzerland,1252093,Health Care,"$5,158,623.16 "
PXS,Pyxis Tankers Inc. Common Stock,$1.12 ,0.09,8.74%,Micro,Greece,4542818,Transportation,"$5,087,956.16 "
TSIBU,Tishman Speyer Innovation Corp. II Unit,$10.00 ,0,0.00%,Micro,United States,508386,Finance,"$5,083,860.00 "
PFDRU,Pathfinder Acquisition Corporation Unit,$9.96 ,0.06,0.61%,Micro,United States,504181,Finance,"$5,021,642.76 "
BPYUP,Brookfield Property REIT Inc. 6.375% Series A Preferred Stock,$25.20 ,0.47,1.90%,Micro,United States,188174,Consumer Services,"$4,741,984.80 "
QRTEP,Qurate Retail Inc. 8.0% Fixed Rate Cumulative Redeemable Preferred Stock,$101.89 ,0.24,0.24%,Micro,United States,46479,Consumer Services,"$4,735,745.31 "
SHACU,SCP & CO Healthcare Acquisition Company Unit,$9.99 ,0.02,0.20%,Micro,United States,470586,Finance,"$4,701,154.14 "
SBNYP,Signature Bank Depositary shares each representing a 1/40th ownership interest in a share of 5.000% Noncumulative Perpetual Series A Preferred Stock,$25.70 ,-0.05,-0.19%,Micro,United States,165888,Finance,"$4,263,321.60 "
SPCB,SuperCom Ltd. Ordinary Shares (Israel),$1.68 ,0.07,4.35%,Micro,Israel,2472185,Technology,"$4,153,270.80 "
SOJE,Southern Company (The) Series 2020C 4.20% Junior Subordinated Notes due October 15 2060,$25.00 ,0.15,0.60%,Micro,United States,162740,Public Utilities,"$4,068,500.00 "
BBIG,Vinco Ventures Inc. Common Stock,$2.64 ,0.08,3.13%,Micro,United States,1540128,Consumer Non-Durables,"$4,065,937.92 "
FAMI,Farmmi Inc. Ordinary Shares,$1.13 ,0.04,3.67%,Micro,China,3547468,Consumer Non-Durables,"$4,008,638.84 "
SSY,SunLink Health Systems Inc. Common Stock,$2.78 ,0.06,2.21%,Micro,United States,1423861,Health Care,"$3,958,333.58 "
SSNT,SilverSun Technologies Inc. Common Stock,$8.35 ,0.71,9.29%,Micro,United States,470815,Miscellaneous,"$3,931,305.25 "
BOWXW,BowX Acquisition Corp. Warrant,$2.85 ,0.71,33.18%,Micro,United States,1328656,Finance,"$3,786,669.60 "
FSSIU,Fortistar Sustainable Solutions Corp. Unit,$10.11 ,0.2,2.02%,Micro,United States,369368,Finance,"$3,734,310.48 "
RHE,Regional Health Properties Inc. Common Stock,$5.17 ,0.59,12.88%,Micro,,721166,Consumer Services,"$3,728,428.22 "
RILYT,B. Riley Financial Inc. 6.00% Senior Notes Due 2028,$25.53 ,-0.32,-1.24%,Micro,United States,140012,Miscellaneous,"$3,574,506.36 "
PGRW,Progress Acquisition Corp. Class A Common Stock,$9.75 ,0.01,0.10%,Micro,United States,364902,Finance,"$3,557,794.50 "
BDXB,Becton Dickinson and Company Depositary Shares each Representing a 1/20th Interest in a Share of 6.00% Mandatory Convertible Preferred Stock Series B,$53.78 ,0.06,0.11%,Micro,United States,65673,Health Care,"$3,531,893.94 "
CLEU,China Liberal Education Holdings Limited Ordinary Shares,$4.13 ,0.11,2.74%,Micro,China,848650,Consumer Services,"$3,504,924.50 "
GTPBU,Gores Technology Partners II Inc. Units,$10.03 ,0.0507,0.51%,Micro,United States,331159,Finance,"$3,321,524.77 "
SVFAU,SVF Investment Corp. Unit,$10.76 ,0.2,1.89%,Micro,United States,303964,Finance,"$3,270,652.64 "
NBY,NovaBay Pharmaceuticals Inc. Common Stock,$0.97 ,0.06,6.59%,Micro,United States,3358006,Health Care,"$3,257,265.82 "
LLIT,Lianluo Smart Limited Class A Common Stock,$8.60 ,-0.17,-1.94%,Micro,China,376723,Consumer Services,"$3,239,817.80 "
QFTA,Quantum FinTech Acquisition Corporation Common Stock,$9.68 ,0.02,0.21%,Micro,,331309,Finance,"$3,207,071.12 "
RTPYU,Reinvent Technology Partners Y Unit,$10.04 ,0,0.00%,Micro,United States,316354,Finance,"$3,176,194.16 "
CEI,Camber Energy Inc. Common Stock,$1.06 ,0.03,2.91%,Micro,United States,2977663,Energy,"$3,156,322.78 "
SINT,SiNtx Technologies Inc. Common Stock,$1.90 ,0.03,1.60%,Micro,United States,1648753,Health Care,"$3,132,630.70 "
MBINN,Merchants Bancorp Depositary Shares Preferred Series C,$25.62 ,0.1,0.39%,Micro,United States,120483,Finance,"$3,086,774.46 "
TCBIO,Texas Capital Bancshares Inc. Depositary Shares 5.75% Fixed Rate Non-Cumulative Perpetual Preferred Stock Series B,$25.52 ,0.13,0.51%,Micro,United States,119761,Finance,"$3,056,300.72 "
MACQU,MCAP Acquisition Corporation Unit,$9.97 ,0.02,0.20%,Micro,United States,303413,Finance,"$3,025,027.61 "
LMACU,Liberty Media Acquisition Corporation Unit,$10.74 ,0.03,0.28%,Micro,United States,280985,Finance,"$3,017,778.90 "
AWX,Avalon Holdings Corporation Common Stock,$4.10 ,0.43,11.72%,Micro,United States,705022,Public Utilities,"$2,890,590.20 "
RMGCU,RMG Acquisition Corp. III Unit,$9.99 ,0.04,0.40%,Micro,United States,287544,Finance,"$2,872,564.56 "
ENNVU,ECP Environmental Growth Opportunities Corp. Unit,$9.99 ,-0.09,-0.89%,Micro,United States,286424,Finance,"$2,861,375.76 "
TBB,AT&T Inc. 5.350% Global Notes due 2066,$26.40 ,0.22,0.84%,Micro,United States,107399,Public Utilities,"$2,835,333.60 "
RZB,Reinsurance Group of America Incorporated 5.75% Fixed-To-Floating Rate Subordinated Debentures due 2056,$28.20 ,0.06,0.21%,Micro,United States,99340,Finance,"$2,801,388.00 "
NVSAU,New Vista Acquisition Corp Unit,$10.00 ,0.01,0.10%,Micro,United States,279301,Finance,"$2,793,010.00 "
AGNCO,AGNC Investment Corp. Depositary Shares each representing a 1/1000th interest in a share of 6.50% Series E Fixed-to-Floating Cumulative Redeemable Preferred Stock,$24.80 ,0.17,0.69%,Micro,United States,112112,Consumer Services,"$2,780,377.60 "
TANH,Tantech Holdings Ltd. Common Stock,$1.56 ,0.11,7.59%,Micro,China,1769749,Basic Industries,"$2,760,808.44 "
FULTP,Fulton Financial Corporation Depositary Shares Each Representing a 1/40th Interest in a Share of Fixed Rate Non-Cumulative Perpetual Preferred Stock Series A,$26.01 ,-0.18,-0.69%,Micro,United States,105018,Finance,"$2,731,518.18 "
GGPIU,Gores Guggenheim Inc. Unit,$9.97 ,0.04,0.40%,Micro,United States,273805,Finance,"$2,729,835.85 "
BAMH,Brookfield Finance Inc. 4.625% Subordinated Notes due October 16 2080,$24.51 ,0.2,0.82%,Micro,,109350,Consumer Services,"$2,680,168.50 "
SDACU,Sustainable Development Acquisition I Corp. Unit,$10.00 ,0.05,0.50%,Micro,United States,267909,Finance,"$2,679,090.00 "
IO,Ion Geophysical Corporation Common Stock,$2.30 ,0.16,7.48%,Micro,United States,1146496,Energy,"$2,636,940.80 "
DTW,DTE Energy Company 2017 Series E 5.25% Junior Subordinated Debentures due 2077,$26.20 ,0.11,0.42%,Micro,United States,99910,Public Utilities,"$2,617,642.00 "
DCRNU,Decarbonization Plus Acquisition Corporation II Unit,$10.07 ,0.01,0.10%,Micro,United States,256206,Finance,"$2,579,994.42 "
GTPAU,Gores Technology Partners Inc. Units,$10.05 ,0.04,0.40%,Micro,United States,256667,Finance,"$2,579,503.35 "
ACTDU,ArcLight Clean Transition Corp. II Unit,$10.00 ,0,0.00%,Micro,United States,257510,Finance,"$2,575,100.00 "
HUSA,Houston American Energy Corporation Common Stock,$2.11 ,0.09,4.46%,Micro,United States,1218204,Energy,"$2,570,410.44 "
DTP,DTE Energy Company 6.25% Corporate Units,$49.99 ,0.3,0.60%,Micro,United States,49866,Public Utilities,"$2,492,801.34 "
ZNTE,Zanite Acquisition Corp. Class A Common Stock,$10.00 ,0.05,0.50%,Micro,United States,247858,Finance,"$2,478,580.00 "
PIPP,Pine Island Acquisition Corp. Class A Common Stock,$10.02 ,0.01,0.10%,Micro,United States,245964,Finance,"$2,464,559.28 "
DCUE,Dominion Energy Inc. 2019 Series A Corporate Units,$99.36 ,0.52,0.53%,Micro,United States,24452,Public Utilities,"$2,429,550.72 "
ITHX,ITHAX Acquisition Corp. Class A Ordinary Shares,$9.66 ,-0.09,-0.92%,Micro,United States,251337,Finance,"$2,427,915.42 "
PCGU,Pacific Gas & Electric Co. Equity Unit,$113.17 ,-0.93,-0.82%,Micro,United States,21315,Public Utilities,"$2,412,218.55 "
PPGHU,Poema Global Holdings Corp. Unit,$10.05 ,0.03,0.30%,Micro,China,236943,Finance,"$2,381,277.15 "
UZE,United States Cellular Corporation 5.500% Senior Notes due 2070,$25.45 ,-0.03,-0.12%,Micro,United States,93148,Public Utilities,"$2,370,616.60 "
GLBS,Globus Maritime Limited Common Stock,$4.65 ,-0.05,-1.06%,Micro,Greece,491083,Transportation,"$2,283,535.95 "
RMED,Ra Medical Systems Inc. Common Stock,$4.91 ,0.25,5.37%,Micro,,460671,Health Care,"$2,261,894.61 "
ENBA,Enbridge Inc 6.375% Fixed-to-Floating Rate Subordinated Notes Series 2018-B due 2078,$26.55 ,0.19,0.72%,Micro,Canada,84783,Energy,"$2,250,988.65 "
CTBB,Qwest Corporation 6.5% Notes due 2056,$25.66 ,0.04,0.16%,Micro,United States,86883,Public Utilities,"$2,229,417.78 "
FITBI,Fifth Third Bancorp Depositary Shares,$28.20 ,0.05,0.18%,Micro,United States,78805,Finance,"$2,222,301.00 "
BOWXU,BowX Acquisition Corp. Unit,$13.87 ,1.5,12.13%,Micro,United States,158220,Finance,"$2,194,511.40 "
CFXA,Colfax Corporation 5.75% Tangible Equity Units,$181.98 ,1.82,1.01%,Micro,United States,12018,Capital Goods,"$2,187,035.64 "
TCBIL,Texas Capital Bancshares Inc. 6.50% Subordinated Notes due 2042,$25.52 ,0.05,0.20%,Micro,United States,85601,Finance,"$2,184,537.52 "
ISLE,Isleworth Healthcare Acquisition Corporation Common stock,$9.70 ,0.01,0.10%,Micro,United States,224797,Finance,"$2,180,530.90 "
MLND,Millendo Therapeutics Inc. Common Stock,$1.27 ,0.07,5.83%,Micro,United States,1706209,Health Care,"$2,166,885.43 "
SGBX,SG Blocks Inc. Common Stock,$4.86 ,0.2,4.29%,Micro,United States,438082,Consumer Services,"$2,129,078.52 "
BHFAN,Brighthouse Financial Inc. Depositary shares each representing a 1/1000th interest in a share of 5.375% Non-Cumulative Preferred Stock Series C,$26.72 ,0.12,0.45%,Micro,United States,79205,Finance,"$2,116,357.60 "
EARS,Auris Medical Holding Ltd. Common Shares 0.01 SF (Bermuda),$3.42 ,-0.06,-1.72%,Micro,Bermuda,610897,Health Care,"$2,089,267.74 "
SOLN,Southern Company (The) 2019 Series A Corporate Units,$51.39 ,0.46,0.90%,Micro,United States,40497,Public Utilities,"$2,081,140.83 "
DTOCU,Digital Transformation Opportunities Corp. Units,$9.95 ,0.06,0.61%,Micro,United States,208258,Finance,"$2,072,167.10 "
ARVLW,Arrival Warrant,$5.79 ,0.14,2.48%,Micro,Luxembourg,356790,Finance,"$2,065,814.10 "
GOVX,GeoVax Labs Inc. Common Stock,$4.53 ,0.15,3.43%,Micro,United States,454934,Health Care,"$2,060,851.02 "
SOJD,Southern Company (The) Series 2020A 4.95% Junior Subordinated Notes due January 30 2080,$26.58 ,0.26,0.99%,Micro,United States,76934,Public Utilities,"$2,044,905.72 "
FRSGU,First Reserve Sustainable Growth Corp. Unit,$9.95 ,-0.05,-0.50%,Micro,United States,200129,Finance,"$1,991,283.55 "
DHCNI,Diversified Healthcare Trust 5.625% Senior Notes due 2042,$23.18 ,0.08,0.35%,Micro,United States,84998,Consumer Services,"$1,970,253.64 "
DTB,DTE Energy Company 2020 Series G 4.375% Junior Subordinated Debentures due 2080,$25.08 ,-0.05,-0.20%,Micro,United States,76790,Public Utilities,"$1,925,893.20 "
HBANP,Huntington Bancshares Incorporated Depositary Shares 4.500% Series H Non-Cumulative Perpetual Preferred Stock,$25.19 ,-0.105,-0.42%,Micro,United States,75169,Finance,"$1,893,131.27 "
HOTH,Hoth Therapeutics Inc. Common Stock,$2.03 ,0.06,3.05%,Micro,United States,908400,Health Care,"$1,844,052.00 "
USEG,U.S. Energy Corp. Common Stock,$4.53 ,0.15,3.43%,Micro,United States,405370,Energy,"$1,836,326.10 "
THBRW,Thunder Bridge Acquisition II Ltd. Warrants,$2.45 ,0.26,11.87%,Micro,United States,748494,Finance,"$1,833,810.30 "
CETX,Cemtrex Inc. Common Stock,$1.86 ,-0.02,-1.06%,Micro,United States,982429,Capital Goods,"$1,827,317.94 "
PRPO,Precipio Inc.  Common Stock,$2.33 ,0.02,0.87%,Micro,United States,779807,Capital Goods,"$1,816,950.31 "
BHFAL,Brighthouse Financial Inc. 6.25% Junior Subordinated Debentures due 2058,$27.36 ,0.2442,0.90%,Micro,United States,65251,Finance,"$1,785,541.41 "
BPYPO,Brookfield Property Partners L.P. 6.375% Class A Cumulative Redeemable Perpetual Preferred Units Series 2,$25.36 ,-0.35,-1.36%,Micro,Bermuda,69748,Finance,"$1,768,809.28 "
EUCR,Eucrates Biomedical Acquisition Corp. Ordinary Shares,$9.69 ,-0.29,-2.91%,Micro,United States,180918,Finance,"$1,753,095.42 "
GIIXU,Gores Holdings VIII Inc. Unit,$9.97 ,-0.03,-0.30%,Micro,United States,174451,Finance,"$1,739,276.47 "
HGH,Hartford Financial Services Group Inc. (The) 7.875% Fixed to Floating Rate Junior Subordinated Debentures due 2042,$27.10 ,0.26,0.97%,Micro,United States,64106,Finance,"$1,737,272.60 "
MTCN,ArcelorMittal 5.50% Mandatorily Convertible Subordinated Notes due 2023,$69.18 ,0.33,0.48%,Micro,Luxembourg,25081,Basic Industries,"$1,735,103.58 "
FORA,Forian Inc. Common Stock,$9.75 ,-0.36,-3.56%,Micro,United States,176135,Technology,"$1,717,316.25 "
CLRMU,Clarim Acquisition Corp. Unit,$10.00 ,0.05,0.50%,Micro,United States,171684,Finance,"$1,716,840.00 "
DISAU,Disruptive Acquisition Corporation I Unit,$9.93 ,0.05,0.51%,Micro,United States,171916,Finance,"$1,707,125.88 "
SNCA,Seneca Biopharma Inc. Common Stock,$1.69 ,-0.01,-0.59%,Micro,United States,997069,Health Care,"$1,685,046.61 "
GMIIU,Gores Metropoulos II Inc. Unit,$10.11 ,0.01,0.10%,Micro,United States,165590,Finance,"$1,674,114.90 "
PCTTW,PureCycle Technologies Inc. Warrant,$13.19 ,-0.73,-5.24%,Micro,United States,125037,Basic Industries,"$1,649,238.03 "
AEPPL,American Electric Power Company Inc. Corporate Unit,$48.84 ,0.58,1.20%,Micro,United States,33092,Public Utilities,"$1,616,213.28 "
UZD,United States Cellular Corporation 6.250% Senior Notes due 2069,$26.28 ,0.17,0.65%,Micro,United States,61349,Public Utilities,"$1,612,251.72 "
STRR,Star Equity Holdings Inc. Common Stock,$3.32 ,0.2,6.41%,Micro,United States,485296,Health Care,"$1,611,182.72 "
CTDD,Qwest Corporation 6.75% Notes due 2057,$26.32 ,0.2,0.77%,Micro,United States,60846,Public Utilities,"$1,601,466.72 "
SXTC,China SXT Pharmaceuticals Inc. Ordinary Shares,$1.91 ,0.07,3.80%,Micro,China,837257,Health Care,"$1,599,160.87 "
CREG,China Recycling Energy Corporation Common Stock,$8.00 ,-0.05,-0.62%,Micro,China,199289,Miscellaneous,"$1,594,312.00 "
RCMT,RCM Technologies Inc. Common Stock,$3.75 ,0.2,5.63%,Micro,United States,424840,Technology,"$1,593,150.00 "
ACAHU,Atlantic Coastal Acquisition Corp. Unit,$9.95 ,0.1,1.02%,Micro,United States,159007,Finance,"$1,582,119.65 "
BSQR,BSQUARE Corporation Common Stock,$3.58 ,0.16,4.68%,Micro,United States,441699,Miscellaneous,"$1,581,282.42 "
HUSN,Hudson Capital Inc. Ordinary Shares,$3.14 ,0.23,7.90%,Micro,China,502969,Consumer Services,"$1,579,322.66 "
EDTK,Skillful Craftsman Education Technology Limited Ordinary Share,$3.54 ,0.07,2.02%,Micro,China,444836,Consumer Services,"$1,574,719.44 "
SOJC,Southern Company (The) Series 2017B 5.25% Junior Subordinated Notes due December 1 2077,$26.35 ,-0.1,-0.38%,Micro,United States,59702,Public Utilities,"$1,573,147.70 "
SOJB,Southern Company (The) Series 2016A 5.25% Junior Subordinated Notes due October 1 2076,$25.77 ,0.29,1.14%,Micro,United States,60763,Public Utilities,"$1,565,862.51 "
NRUC,National Rural Utilities Cooperative Finance Corporation 5.500% Subordinated Notes due 2064 (Subordinated Deferrable Interest Notes),$26.64 ,0.21,0.80%,Micro,,58373,Finance,"$1,555,056.72 "
GMBTU,Queen's Gambit Growth Capital Unit,$10.08 ,-0.01,-0.10%,Micro,United States,153939,Finance,"$1,551,705.12 "
SGLB,Sigma Labs Inc. Common Stock,$3.73 ,0.01,0.27%,Micro,United States,412675,Consumer Durables,"$1,539,277.75 "
GSEVU,Gores Holdings VII Inc. Units,$10.03 ,0.07,0.70%,Micro,United States,153292,Finance,"$1,537,518.76 "
HIIIU,Hudson Executive Investment Corp. III Unit,$9.92 ,0,0.00%,Micro,United States,154752,Finance,"$1,535,139.84 "
BHAT,Blue Hat Interactive Entertainment Technology Ordinary Shares,$1.41 ,0.05,3.68%,Micro,China,1067424,Consumer Non-Durables,"$1,505,067.84 "
NTEC,Intec Pharma Ltd. Ordinary Shares,$4.53 ,0.16,3.66%,Micro,Israel,329872,Health Care,"$1,494,320.16 "
WINT,Windtree Therapeutics Inc. Common Stock,$2.52 ,0.07,2.86%,Micro,United States,590094,Health Care,"$1,487,036.88 "
AAC,Ares Acquisition Corporation Class A Ordinary Shares,$9.77 ,-0.13,-1.31%,Micro,,151921,Finance,"$1,484,268.17 "
CARV,Carver Bancorp Inc. Common Stock,$9.54 ,0.46,5.07%,Micro,United States,154998,Finance,"$1,478,680.92 "
CLIM,Climate Real Impact Solutions II Acquisition Corporation Class A Common Stock,$9.80 ,0.07,0.72%,Micro,,150280,Finance,"$1,472,744.00 "
DRUA,Dominion Energy Inc. 2016 Series A 5.25% Enhanced Junior Subordinated Notes due 2076,$25.70 ,0.15,0.59%,Micro,United States,57169,Public Utilities,"$1,469,243.30 "
PUCKU,Goal Acquisitions Corp. Unit,$10.06 ,0.05,0.50%,Micro,United States,144383,Finance,"$1,452,492.98 "
KRNL,Kernel Group Holdings Inc. Class A Ordinary Shares,$9.65 ,9.65,,Micro,United States,150041,Finance,"$1,447,895.65 "
TBC,AT&T Inc. 5.625% Global Notes due 2067,$27.18 ,0.26,0.97%,Micro,United States,53086,Public Utilities,"$1,442,877.48 "
AGNCP,AGNC Investment Corp. Depositary Shares Each Representing a 1/1000th Interest in a Share of 6.125% Series F Fixed-to-Floating Rate Cumulative Redeemable Preferred Stock,$23.82 ,0.16,0.68%,Micro,United States,60366,Consumer Services,"$1,437,918.12 "
ANY,Sphere 3D Corp. Common Shares,$2.71 ,0.1,3.83%,Micro,Canada,529526,Technology,"$1,435,015.46 "
SLAMU,Slam Corp. Unit,$9.98 ,0.06,0.61%,Micro,United States,142705,Finance,"$1,424,195.90 "
STAF,Staffing 360 Solutions Inc. Common Stock (DE),$0.87 ,0.0233,2.74%,Micro,United States,1622319,Technology,"$1,416,608.95 "
ASTC,Astrotech Corporation (DE) Common Stock,$2.13 ,-0.06,-2.74%,Micro,United States,657182,Capital Goods,"$1,399,797.66 "
LCYAU,Landcadia Holdings III Inc. Unit ,$10.83 ,0.33,3.14%,Micro,United States,128017,Capital Goods,"$1,386,424.11 "
PFH,Prudential Financial Inc. 4.125% Junior Subordinated Notes due 2060,$25.42 ,0.09,0.36%,Micro,United States,54040,Finance,"$1,373,696.80 "
WAFDP,Washington Federal Inc. Depositary Shares,$25.50 ,0.01,0.04%,Micro,United States,53830,Finance,"$1,372,665.00 "
ENVI,Environmental Impact Acquisition Corp. Class A Common Stock,$9.79 ,0.1,1.03%,Micro,United States,139667,Finance,"$1,367,339.93 "
PPX,PPL Capital Funding Inc. 2013 Series B Junior Subordinated Notes due 2073,$25.93 ,0,0.00%,Micro,,52504,Public Utilities,"$1,361,428.72 "
AEFC,Aegon Funding Company LLC 5.10% Subordinated Notes due 2049,$26.26 ,0.31,1.20%,Micro,,51647,Finance,"$1,356,250.22 "
ICD,Independence Contract Drilling Inc. Common Stock,$3.73 ,0.43,13.03%,Micro,,353352,Energy,"$1,318,002.96 "
ROT,Rotor Acquisition Corp. Class A Common Stock,$9.73 ,-0.075,-0.77%,Micro,,134610,Finance,"$1,309,082.25 "
IFFT,International Flavors & Fragrances Inc. 6.00% Tangible Equity Units,$49.28 ,0.24,0.49%,Micro,United States,26195,Basic Industries,"$1,290,889.60 "
PUCK,Goal Acquisitions Corp. Common Stock,$9.64 ,0,0.00%,Micro,United States,132241,Finance,"$1,274,803.24 "
PMGMU,Priveterra Acquisition Corp. Units,$9.95 ,0.01,0.10%,Micro,United States,128038,Finance,"$1,273,978.10 "
CHSCL,CHS Inc Class B Cumulative Redeemable Preferred Stock Series 4,$28.78 ,-0.01,-0.04%,Micro,United States,44140,Consumer Services,"$1,270,349.20 "
LMFA,LM Funding America Inc. Common Stock,$1.33 ,0.04,3.10%,Micro,United States,955113,Finance,"$1,270,300.29 "
RZA,Reinsurance Group of America Incorporated 6.20% Fixed-to-Floating Rate Subordinated Debentures due 2042,$27.10 ,0.23,0.86%,Micro,United States,46760,Finance,"$1,267,196.00 "
SONN,Sonnet BioTherapeutics Holdings Inc. Common Stock,$2.39 ,0.14,6.22%,Micro,United States,529905,Health Care,"$1,266,472.95 "
DLCAU,Deep Lake Capital Acquisition Corp. Unit,$10.05 ,-0.01,-0.10%,Micro,United States,125582,Finance,"$1,262,099.10 "
SCOA,ScION Tech Growth I Class A Ordinary Shares,$9.82 ,0.02,0.20%,Micro,United Kingdom,128116,Finance,"$1,258,099.12 "
SWETU,Athlon Acquisition Corp. Unit,$10.03 ,0.14,1.42%,Micro,United States,124966,Finance,"$1,253,408.98 "
HAACU,Health Assurance Acquisition Corp. SAIL Securities,$10.98 ,0.22,2.05%,Micro,United States,113434,Finance,"$1,245,505.32 "
NOAC,Natural Order Acquisition Corp. Common Stock,$9.87 ,0.09,0.92%,Micro,United States,125795,Finance,"$1,241,596.65 "
TVC,Tennessee Valley Authority Common Stock,$26.43 ,0.05,0.19%,Micro,United States,46878,Public Utilities,"$1,238,985.54 "
CMSD,CMS Energy Corporation 5.875% Junior Subordinated Notes due 2079,$27.44 ,0.28,1.03%,Micro,United States,45013,Public Utilities,"$1,235,156.72 "
HYACU,Haymaker Acquisition Corp. III Unit,$9.95 ,0.01,0.10%,Micro,United States,123593,Finance,"$1,229,750.35 "
KRNLU,Kernel Group Holdings Inc. Units,$10.00 ,0.02,0.20%,Micro,United States,122418,Finance,"$1,224,180.00 "
TBSAU,TB SA Acquisition Corp Unit,$9.85 ,0,0.00%,Micro,Cayman Islands,124199,Finance,"$1,223,360.15 "
QVCC,QVC Inc. 6.250% Senior Secured Notes due 2068,$25.48 ,0.43,1.72%,Micro,United States,47932,Consumer Services,"$1,221,307.36 "
RILYK,B. Riley Financial Inc. 5.50% Senior Notes Due 2026,$25.11 ,0.06,0.24%,Micro,United States,48593,Miscellaneous,"$1,220,170.23 "
SNGX,Soligenix Inc. Common Stock,$1.56 ,0.03,1.96%,Micro,United States,780583,Health Care,"$1,217,709.48 "
SREA,Sempra Energy 5.750% Junior Subordinated Notes due 2079,$27.47 ,0.21,0.77%,Micro,United States,44001,Public Utilities,"$1,208,707.47 "
GFLU,GFL Environmental Inc. Tangible Equity Units,$82.92 ,1.35,1.66%,Micro,,14292,Public Utilities,"$1,185,092.64 "
MGR,Affiliated Managers Group Inc. 5.875% Junior Subordinated Notes due 2059,$27.74 ,0.35,1.28%,Micro,United States,42242,Finance,"$1,171,793.08 "
CRTD,Creatd Inc. Common Stock,$4.48 ,0.18,4.19%,Micro,United States,258656,Consumer Services,"$1,158,778.88 "
NDACU,NightDragon Acquisition Corp. SCALE Units,$10.23 ,0.03,0.29%,Micro,United States,113221,Finance,"$1,158,250.83 "
OPENW,Opendoor Technologies Inc Warrants expiring 12/18/2025,$10.49 ,0.28,2.74%,Micro,United States,110000,Finance,"$1,153,900.00 "
PRCHW,Porch Group Inc. Warrant,$6.50 ,0.35,5.69%,Micro,United States,175421,Technology,"$1,140,236.50 "
EAI,Entergy Arkansas LLC First Mortgage Bonds 4.875% Series Due September 1 2066,$25.50 ,0.08,0.32%,Micro,United States,43866,Public Utilities,"$1,118,583.00 "
BCTX,BriaCell Therapeutics Corp. Common Shares,$3.80 ,-0.06,-1.55%,Micro,Canada,291146,Health Care,"$1,106,354.80 "
AQNA,Algonquin Power & Utilities Corp. 6.875% Fixed-to-Floating Rate Subordinated Notes Series 2018-A due October 17 2078,$27.12 ,0.22,0.82%,Micro,,40628,Public Utilities,"$1,101,831.36 "
LCYAW,Landcadia Holdings III Inc. Warrant,$1.67 ,0.18,12.08%,Micro,United States,655610,Capital Goods,"$1,094,868.70 "
VIVE,Viveve Medical Inc. Common Stock,$3.09 ,0.03,0.98%,Micro,United States,353938,Health Care,"$1,093,668.42 "
ELAT,Elanco Animal Health Incorporated 5.00% Tangible Equity Units,$44.90 ,-0.98,-2.14%,Micro,United States,24314,Health Care,"$1,091,698.60 "
SNES,SenesTech Inc. Common Stock,$1.84 ,0.18,10.84%,Micro,United States,591270,Basic Industries,"$1,087,936.80 "
LGACU,Lazard Growth Acquisition Corp. I Units,$10.00 ,0,0.00%,Micro,,108685,Finance,"$1,086,850.00 "
WALDU,Waldencast Acquisition Corp. Units,$10.05 ,0.06,0.60%,Micro,United States,107869,Finance,"$1,084,083.45 "
AQNB,Algonquin Power & Utilities Corp. 6.20% Fixed-to-Floating Subordinated Notes Series 2019-A due July 1 2079,$27.40 ,-0.03,-0.11%,Micro,,39444,Public Utilities,"$1,080,765.60 "
HBANO,Huntington Bancshares Incorporated Depositary Shares,$25.36 ,0.03,0.12%,Micro,United States,42468,Finance,"$1,076,988.48 "
ESGRP,Enstar Group Limited Depositary Shares Each Representing 1/1000th of an interest in Preference Shares,$28.84 ,0.08,0.28%,Micro,Bermuda,37316,Finance,"$1,076,193.44 "
SSAAU,Science Strategic Acquisition Corp. Alpha Unit,$10.00 ,0.06,0.60%,Micro,United States,107473,Finance,"$1,074,730.00 "
JOB,GEE Group Inc. Common Stock,$1.38 ,0.11,8.66%,Micro,United States,778132,Technology,"$1,073,822.16 "
APOP,Cellect Biotechnology Ltd. American Depositary Shares,$3.05 ,-0.09,-2.87%,Micro,Israel,350472,Health Care,"$1,068,939.60 "
BHFAO,Brighthouse Financial Inc. Depositary Shares 6.75% Non-Cumulative Preferred Stock Series B,$28.33 ,0.43,1.54%,Micro,United States,37552,Finance,"$1,063,848.16 "
PPSI,Pioneer Power Solutions Inc. Common Stock,$4.86 ,0.01,0.21%,Micro,United States,218079,Consumer Durables,"$1,059,863.94 "
ARTL,Artelo Biosciences Inc. Common Stock,$1.68 ,0.05,3.07%,Micro,United States,625602,Health Care,"$1,051,011.36 "
BWSN,Babcock & Wilcox Enterprises Inc. 8.125% Senior Notes due 2026,$26.24 ,-0.25,-0.94%,Micro,United States,39986,Capital Goods,"$1,049,232.64 "
GMTA,GATX Corporation 5.625% Senior Notes due 2066,$25.33 ,-0.36,-1.40%,Micro,United States,41350,Consumer Services,"$1,047,395.50 "
GOEVW,Canoo Inc. Warrant,$2.80 ,-0.03,-1.06%,Micro,United States,370133,Capital Goods,"$1,036,372.40 "
HSTO,Histogen Inc. Common Stock,$1.30 ,0,0.00%,Micro,United States,789098,Health Care,"$1,025,827.40 "
KURIU,Alkuri Global Acquisition Corp. Unit,$9.97 ,0.09,0.91%,Micro,United States,102851,Finance,"$1,025,424.47 "
CMLFW,CM Life Sciences Inc. Warrant,$5.60 ,0.42,8.11%,Micro,United States,182133,Finance,"$1,019,944.80 "
MGRB,Affiliated Managers Group Inc. 4.750% Junior Subordinated Notes due 2060,$25.74 ,0.45,1.78%,Micro,United States,39122,Finance,"$1,007,000.28 "
XPL,Solitario Zinc Corp. Common Stock,$0.85 ,0.0185,2.23%,Micro,United States,1179245,Basic Industries,"$1,002,240.33 "
ACTCW,ArcLight Clean Transition Corp. Warrant,$6.21 ,0.49,8.57%,Micro,United States,161196,Capital Goods,"$1,001,027.16 "
BNSO,Bonso Electronics International Inc. Common Stock,$7.35 ,0.55,8.09%,Micro,Hong Kong,136027,Capital Goods,"$999,798.45 "
FCNCP,First Citizens BancShares Inc. Depositary Shares,$26.97 ,0.02,0.07%,Micro,United States,36718,Finance,"$990,284.46 "
OPINL,Office Properties Income Trust 6.375% Senior Notes due 2050,$26.70 ,-0.17,-0.63%,Micro,United States,36933,Finance,"$986,111.10 "
LATNU,Union Acquisition Corp. II Units containing one ordinary share and one redeemable warrant,$10.73 ,0.04,0.37%,Micro,United States,91104,Finance,"$977,545.92 "
SOHO,Sotherly Hotels Inc. Common Stock,$3.17 ,-0.31,-8.91%,Micro,United States,308193,Consumer Services,"$976,971.81 "
BPYPN,Brookfield Property Partners L.P. 5.750% Class A Cumulative Redeemable Perpetual Preferred Units Series 3,$24.48 ,-0.35,-1.41%,Micro,Bermuda,39866,Finance,"$975,919.68 "
GIGGU,GigCapital4 Inc. Unit,$9.91 ,0.04,0.41%,Micro,United States,97301,Finance,"$964,252.91 "
BPYPP,Brookfield Property Partners L.P. 6.50% Class A Cumulative Redeemable Perpetual Preferred Units,$25.77 ,-0.13,-0.50%,Micro,Bermuda,37176,Finance,"$958,025.52 "
MYT,Urban Tea Inc. Ordinary Shares,$3.99 ,0.28,7.55%,Micro,China,239203,Consumer Services,"$954,419.97 "
CTIB,Yunhong CTI Ltd. Common Stock,$2.37 ,0.07,3.04%,Micro,United States,402656,Basic Industries,"$954,294.72 "
COHN,Cohen & Company Inc.,$26.19 ,2.4599,10.37%,Micro,United States,35708,Finance,"$935,188.95 "
AFGB,American Financial Group Inc. 5.875% Subordinated Debentures due 2059,$27.87 ,0.42,1.53%,Micro,United States,33230,Finance,"$926,120.10 "
HOVNP,Hovnanian Enterprises Inc Dep Shr Srs A Pfd,$19.91 ,-0.145,-0.72%,Micro,United States,46241,Capital Goods,"$920,427.11 "
OCAXU,OCA Acquisition Corp. Unit,$10.08 ,0.09,0.90%,Micro,United States,90945,Finance,"$916,725.60 "
ENVIU,Environmental Impact Acquisition Corp. Unit,$10.23 ,0.13,1.29%,Micro,United States,88924,Finance,"$909,692.52 "
BPTH,Bio-Path Holdings Inc. Common Stock,$7.15 ,0.13,1.85%,Micro,United States,127142,Health Care,"$909,065.30 "
GFX,Golden Falcon Acquisition Corp. Class A Common Stock,$9.69 ,0.02,0.21%,Micro,,93774,Finance,"$908,670.06 "
NGAB,Northern Genesis Acquisition Corp. II Common Stock,$9.92 ,0,0.00%,Micro,,91366,Finance,"$906,350.72 "
JCICU,Jack Creek Investment Corp. Units,$9.95 ,0.04,0.40%,Micro,United States,90802,Finance,"$903,479.90 "
THCBW,Tuscan Holdings Corp. Warrant,$3.44 ,0.2197,6.82%,Micro,United States,262512,Miscellaneous,"$902,962.53 "
DUKH,Duke Energy Corporation 5.125% Junior Subordinated Debentures due 2073,$26.18 ,0.28,1.08%,Micro,United States,34282,Public Utilities,"$897,502.76 "
OXBR,Oxbridge Re Holdings Limited Ordinary Shares,$2.64 ,0.11,4.35%,Micro,Cayman Islands,336646,Finance,"$888,745.44 "
CHSCM,CHS Inc Class B Reset Rate Cumulative Redeemable Preferred Stock Series 3,$27.87 ,0.25,0.91%,Micro,United States,31862,Consumer Services,"$887,993.94 "
LEGOU,Legato Merger Corp. Units,$10.23 ,0.1,0.99%,Micro,United States,86244,Finance,"$882,276.12 "
PHIO,Phio Pharmaceuticals Corp. Common Stock,$2.75 ,0.07,2.61%,Micro,United States,319923,Health Care,"$879,788.25 "
ACGLO,Arch Capital Group Ltd. Depositary Shares Each Representing 1/1000th Interest in a Share of 5.45% Non-Cumulative Preferred Shares Series F,$26.29 ,0.05,0.19%,Micro,Bermuda,33361,Finance,"$877,060.69 "
NVIV,InVivo Therapeutics Holdings Corp Common Stock,$1.02 ,0.0259,2.61%,Micro,United States,853407,Health Care,"$870,475.14 "
LVRAU,Levere Holdings Corp. Unit,$10.00 ,0.04,0.40%,Micro,Cayman Islands,87010,Finance,"$870,100.00 "
CHSCN,CHS Inc Preferred Class B Series 2 Reset Rate,$27.80 ,0.19,0.69%,Micro,United States,31214,Consumer Services,"$867,749.20 "
BLCM,Bellicum Pharmaceuticals Inc. Common Stock,$3.69 ,-0.07,-1.86%,Micro,United States,232998,Health Care,"$859,762.62 "
AGNCN,AGNC Investment Corp. Depositary Shares Each Representing a 1/1000th Interest in a Share of 7.00% Series C Fixed-To-Floating Rate Cumulative Redeemable Preferred Stock,$25.57 ,0.21,0.83%,Micro,United States,33377,Consumer Services,"$853,449.89 "
GSLD,Global Ship Lease Inc. 8.00% Senior Notes due 2024,$25.59 ,0.01,0.04%,Micro,United Kingdom,33267,Transportation,"$851,302.53 "
PSTV,PLUS THERAPEUTICS Inc. Common Stock ,$2.46 ,0.06,2.50%,Micro,United States,345571,Health Care,"$850,104.66 "
VIHAW,VPC Impact Acquisition Holdings Warrant,$3.46 ,0.5,16.89%,Micro,United States,240877,Technology,"$833,434.42 "
AXAS,Abraxas Petroleum Corporation Common Stock,$3.47 ,0.33,10.51%,Micro,United States,239608,Energy,"$831,439.76 "
DUOT,Duos Technologies Group Inc. Common Stock,$10.70 ,-0.22,-2.02%,Micro,United States,77528,Technology,"$829,549.60 "
UZA,United States Cellular Corporation 6.95% Senior Notes due 2060,$25.39 ,0.12,0.48%,Micro,United States,31974,Public Utilities,"$811,819.86 "
SFET,Safe-T Group Ltd. American Depositary Share,$1.41 ,0.06,4.44%,Micro,Israel,573095,Technology,"$808,063.95 "
ADEX,Adit EdTech Acquisition Corp. Common Stock,$9.73 ,0.1,1.04%,Micro,,82880,Finance,"$806,422.40 "
MOSY,MoSys Inc. Common Stock,$3.89 ,0.03,0.78%,Micro,United States,206819,Technology,"$804,525.91 "
THMO,ThermoGenesis Holdings Inc. Common Stock,$2.72 ,0.03,1.12%,Micro,United States,295306,Capital Goods,"$803,232.32 "
CFFEU,CF Acquisition Corp. VIII Unit,$9.98 ,0.06,0.61%,Micro,United States,79574,Finance,"$794,148.52 "
DDT,Dillard's Capital Trust I,$25.59 ,0.24,0.95%,Micro,United States,30745,Consumer Services,"$786,764.55 "
MLACU,Malacca Straits Acquisition Company Limited Units,$10.21 ,0.01,0.10%,Micro,Hong Kong,77018,Finance,"$786,353.78 "
OTRKP,Ontrak Inc. 9.50% Series A Cumulative Perpetual Preferred Stock,$23.85 ,-0.3,-1.24%,Micro,United States,32800,Health Care,"$782,280.00 "
CHSCO,CHS Inc. Class B Cumulative Redeemable Preferred Stock,$29.05 ,0.32,1.11%,Micro,United States,26854,Consumer Services,"$780,108.70 "
CANF,Can-Fite Biopharma Ltd Sponsored ADR (Israel),$2.45 ,-0.02,-0.81%,Micro,Israel,314158,Health Care,"$769,687.10 "
WHLRD,Wheeler Real Estate Investment Trust Inc. Series D Cumulative Preferred Stock,$18.10 ,0.1,0.56%,Micro,United States,42497,Consumer Services,"$769,195.70 "
DHCNL,Diversified Healthcare Trust 6.25% Senior Notes Due 2046,$24.40 ,0.04,0.16%,Micro,United States,31370,Consumer Services,"$765,428.00 "
HIGA,H.I.G. Acquisition Corp. Class A Ordinary Shares,$9.87 ,-0.07,-0.70%,Micro,United States,77011,Finance,"$760,098.57 "
JSM,Navient Corporation 6% Senior Notes due December 15 2043,$24.45 ,-0.12,-0.49%,Micro,United States,31002,Finance,"$757,998.90 "
MTBCP,MTBC Inc. 11% Series A Cumulative Redeemable Perpetual Preferred Stock,$28.05 ,0.2498,0.90%,Micro,United States,26895,Technology,"$754,402.06 "
KBSF,KBS Fashion Group Limited Common Stock,$3.59 ,0.3,9.12%,Micro,China,209935,Consumer Non-Durables,"$753,666.65 "
LCAHU,Landcadia Holdings IV Inc. Units,$9.95 ,0.05,0.51%,Micro,United States,75530,Finance,"$751,523.50 "
AEPPZ,American Electric Power Company Inc. Corporate Units,$49.62 ,0.76,1.56%,Micro,United States,15128,Public Utilities,"$750,651.36 "
WTRU,Essential Utilities Inc. 6.00% TEU,$57.37 ,0.18,0.32%,Micro,United States,12730,Public Utilities,"$730,320.10 "
IPVIU,InterPrivate IV InfraTech Partners Inc. Units,$9.97 ,0.07,0.71%,Micro,United States,72843,Finance,"$726,244.71 "
ESP,Espey Mfg. & Electronics Corp. Common Stock,$15.80 ,0.5976,3.93%,Micro,United States,45864,Capital Goods,"$724,541.13 "
COWNZ,Cowen Inc. 7.35% Senior Notes Due 2027,$25.17 ,0.0057,0.02%,Micro,United States,28743,Finance,"$723,337.72 "
VRME,VerifyMe Inc. Common Stock,$4.36 ,0.24,5.83%,Micro,United States,163255,Basic Industries,"$711,791.80 "
PBTS,Powerbridge Technologies Co. Ltd. Ordinary Shares,$2.96 ,-0.06,-1.99%,Micro,China,240431,Technology,"$711,675.76 "
NYMTM,New York Mortgage Trust Inc. 7.875% Series E Fixed-to-Floating Rate Cumulative Redeemable Preferred Stock,$24.50 ,0.09,0.37%,Micro,United States,29008,Consumer Services,"$710,696.00 "
FINMU,Marlin Technology Corporation Unit,$9.93 ,0.05,0.51%,Micro,United States,71241,Finance,"$707,423.13 "
HLAHU,Hamilton Lane Alliance Holdings I Inc. Unit,$10.00 ,0.045,0.45%,Micro,United States,70401,Finance,"$704,010.00 "
AEACU,Authentic Equity Acquisition Corp. Unit,$10.00 ,0.11,1.11%,Micro,United States,70397,Finance,"$703,970.00 "
NOACU,Natural Order Acquisition Corp. Unit,$10.61 ,0.09,0.86%,Micro,United States,66101,Finance,"$701,331.61 "
GRIL,Muscle Maker Inc Common Stock,$2.35 ,0.07,3.07%,Micro,United States,297953,Consumer Services,"$700,189.55 "
SBBA,Scorpio Tankers Inc. 7.00% Senior Notes due 2025,$25.00 ,0.03,0.12%,Micro,Monaco,27943,Transportation,"$698,575.00 "
HOLUW,Holicity Inc. Warrant,$2.79 ,-0.1,-3.46%,Micro,United States,245262,Consumer Services,"$684,280.98 "
NTRSO,Northern Trust Corporation Depositary Shares Each Representing a 1/1000th Interest in a Share of Series E Non-Cumulative Perpetual Preferred Stock,$27.00 ,0.2,0.75%,Micro,United States,25188,Finance,"$680,076.00 "
OPINI,Office Properties Income Trust 5.875% Senior Notes due 2046,$25.30 ,0.13,0.52%,Micro,United States,26631,Finance,"$673,764.30 "
RILYG,B. Riley Financial Inc. 7.25% Senior Notes due 2027,$25.48 ,0.04,0.16%,Micro,United States,26128,Miscellaneous,"$665,741.44 "
ATMR,Altimar Acquisition Corp. II Class A Ordinary Shares,$9.85 ,-0.04,-0.40%,Micro,,67271,Finance,"$662,619.35 "
NPAWW,New Providence Acquisition Corp. Warrant,$3.81 ,0.2694,7.61%,Micro,United States,171645,Consumer Services,"$653,967.45 "
INKAU,KludeIn I Acquisition Corp. Unit,$10.00 ,0.05,0.50%,Micro,United States,65294,Finance,"$652,940.00 "
GRSVU,Gores Holdings V Inc. Unit,$10.32 ,0.03,0.29%,Micro,United States,63235,Finance,"$652,585.20 "
NYMTN,New York Mortgage Trust Inc. 8.00% Series D Fixed-to-Floating Rate Cumulative Redeemable Preferred Stock,$24.86 ,0.07,0.28%,Micro,United States,26007,Consumer Services,"$646,534.02 "
IIVIP,II-VI Incorporated 6.00% Series A Mandatory Convertible Preferred Stock,$298.81 ,10.37,3.60%,Micro,United States,2160,Capital Goods,"$645,429.60 "
CHFS,CHF Solutions Inc. Common Stock,$5.98 ,0.07,1.18%,Micro,United States,106896,Health Care,"$639,238.08 "
GVP,GSE Systems Inc. Common Stock,$1.62 ,-0.08,-4.71%,Micro,United States,394502,Technology,"$639,093.24 "
PCPC,Periphas Capital Partnering Corporation Class A Common Stock,$24.05 ,0.31,1.31%,Micro,,26182,Finance,"$629,677.10 "
TTNP,Titan Pharmaceuticals Inc. Common Stock,$2.89 ,-0.09,-3.02%,Micro,United States,217699,Health Care,"$629,150.11 "
PLIN,China Xiangtai Food Co. Ltd. Ordinary Shares,$1.04 ,-0.01,-0.95%,Micro,China,603004,Consumer Non-Durables,"$627,124.16 "
DTY,DTE Energy Company 2016 Series F 6.00% Junior Subordinated Debentures due 2076,$25.98 ,0.07,0.27%,Micro,United States,24136,Public Utilities,"$627,053.28 "
ELC,Entergy Louisiana Inc. Collateral Trust Mortgage Bonds 4.875 % Series due September 1 2066,$25.52 ,0.07,0.28%,Micro,United States,24453,Public Utilities,"$624,040.56 "
SSPKW,Silver Spike Acquisition Corp. Warrants,$7.99 ,0.95,13.49%,Micro,United States,77133,Technology,"$616,292.67 "
XPDIU,Power & Digital Infrastructure Acquisition Corp. Unit,$10.15 ,0.1,1.00%,Micro,United States,60701,Finance,"$616,115.15 "
MSACU,Medicus Sciences Acquisition Corp. Unit,$10.26 ,0.41,4.16%,Micro,United States,59972,Finance,"$615,312.72 "
LEGAU,Lead Edge Growth Opportunities Ltd Units,$10.03 ,0.06,0.60%,Micro,United States,61003,Finance,"$611,860.09 "
CFIVU,CF Acquisition Corp. IV Unit,$10.04 ,0.01,0.10%,Micro,United States,60580,Finance,"$608,223.20 "
BHTG,BioHiTech Global Inc. Common Stock,$1.56 ,-0.01,-0.64%,Micro,United States,386926,Consumer Services,"$603,604.56 "
IIII,INSU Acquisition Corp. III Class A Common Stock,$9.95 ,0,0.00%,Micro,United States,60635,Finance,"$603,318.25 "
BRN,Barnwell Industries Inc. Common Stock,$2.72 ,0.145,5.64%,Micro,United States,221174,Energy,"$600,487.41 "
TDJ,Telephone and Data Systems Inc. 7% Senior Notes due 2060,$25.40 ,0.03,0.12%,Micro,United States,23634,Public Utilities,"$600,303.60 "
LJAQU,LightJump Acquisition Corporation Unit,$10.04 ,0.09,0.91%,Micro,United States,57467,Finance,"$576,968.68 "
INVO,INVO BioScience Inc. Common Stock,$4.47 ,0.14,3.23%,Micro,United States,127834,Health Care,"$571,417.98 "
TDACW,Trident Acquisitions Corp. Warrants,$2.12 ,0.11,5.47%,Micro,United States,269504,Finance,"$571,348.48 "
LTBR,Lightbridge Corporation Common Stock,$6.39 ,0,0.00%,Micro,United States,89376,Consumer Services,"$571,112.64 "
BKYI,BIO-key International Inc. Common Stock,$3.62 ,0.13,3.73%,Micro,United States,157618,Technology,"$570,577.16 "
GGMCU,Glenfarne Merger Corp. Unit,$10.00 ,0.08,0.81%,Micro,United States,56858,Finance,"$568,580.00 "
COVAU,COVA Acquisition Corp. Unit,$9.98 ,0.03,0.30%,Micro,United States,56675,Finance,"$565,616.50 "
ENSV,Enservco Corporation Common Stock,$1.82 ,0.09,5.20%,Micro,United States,308294,Energy,"$561,095.08 "
BAMI,Brookfield Finance Inc. 4.50% Perpetual Subordinated Notes,$24.58 ,0.23,0.95%,Micro,,22812,Consumer Services,"$560,718.96 "
BTWNU,Bridgetown Holdings Limited Units,$11.72 ,-0.03,-0.26%,Micro,Hong Kong,47536,Finance,"$557,121.92 "
NVVEW,Nuvve Holding Corp. Warrant,$2.39 ,0.48,25.13%,Micro,China,232020,Capital Goods,"$554,527.80 "
QVCD,QVC Inc. 6.375% Senior Secured Notes due 2067,$25.50 ,0.09,0.35%,Micro,United States,21693,Consumer Services,"$553,171.50 "
LYL,Dragon Victory International Limited Ordinary Shares,$1.55 ,-0.08,-4.91%,Micro,China,355677,Finance,"$551,299.35 "
LMAOU,LMF Acquisition Opportunities Inc. Unit,$10.19 ,0.03,0.30%,Micro,United States,53852,Finance,"$548,751.88 "
APPHW,AppHarvest Inc. Warrants,$6.50 ,-0.19,-2.84%,Micro,United States,84272,Consumer Non-Durables,"$547,768.00 "
MXC,Mexco Energy Corporation Common Stock,$8.80 ,-0.04,-0.45%,Micro,United States,62215,Energy,"$547,492.00 "
HCAR,Healthcare Services Acquisition Corporation Class A Common Stock,$9.71 ,0.03,0.31%,Micro,United States,56165,Finance,"$545,362.15 "
CMSC,CMS Energy Corporation 5.875% Junior Subordinated Notes due 2078,$27.72 ,0.08,0.29%,Micro,United States,19666,Public Utilities,"$545,141.52 "
AMS,American Shared Hospital Services Common Stock,$2.67 ,-0.1,-3.61%,Micro,United States,203692,Health Care,"$543,857.64 "
FBIOP,Fortress Biotech Inc. 9.375% Series A Cumulative Redeemable Perpetual Preferred Stock,$24.04 ,0.24,1.01%,Micro,United States,22398,Health Care,"$538,447.92 "
SJIJ,South Jersey Industries Inc. 5.625% Junior Subordinated Notes due 2079,$25.72 ,0.2,0.78%,Micro,United States,20902,Public Utilities,"$537,599.44 "
EFOI,Energy Focus Inc. Common Stock,$4.30 ,-0.3,-6.52%,Micro,United States,124979,Consumer Durables,"$537,409.70 "
FWP,Forward Pharma A/S American Depositary Shares,$6.77 ,-0.08,-1.17%,Micro,Denmark,79112,Health Care,"$535,588.24 "
CREX,Creative Realities Inc. Common Stock,$1.77 ,-0.06,-3.28%,Micro,United States,302404,Technology,"$535,255.08 "
SIGIP,Selective Insurance Group Inc. Depositary Shares each representing a 1/1000th interest in a share of 4.60% Non-Cumulative Preferred Stock Series B,$24.99 ,0.04,0.16%,Micro,United States,21257,Finance,"$531,212.43 "
PSACW,Property Solutions Acquisition Corp. Warrant,$2.60 ,0.04,1.56%,Micro,United States,202813,Capital Goods,"$527,313.80 "
TWCTU,TWC Tech Holdings II Corp. Unit,$10.23 ,0.12,1.19%,Micro,United States,51260,Finance,"$524,389.80 "
CJJD,China Jo-Jo Drugstores Inc. Common Stock,$1.16 ,0.04,3.57%,Micro,China,451760,Health Care,"$524,041.60 "
JOFFU,JOFF Fintech Acquisition Corp. Unit,$9.97 ,0.02,0.20%,Micro,United States,52512,Finance,"$523,544.64 "
EMP,Entergy Mississippi LLC First Mortgage Bonds 4.90% Series Due October 1 2066,$25.69 ,0.14,0.55%,Micro,United States,20327,Public Utilities,"$522,200.63 "
AFINP,American Finance Trust Inc. 7.50% Series A Cumulative Redeemable Perpetual Preferred Stock,$26.69 ,0.9588,3.73%,Micro,United States,19269,Consumer Services,"$514,289.61 "
GIGM,GigaMedia Limited Ordinary Shares,$3.40 ,-0.01,-0.29%,Micro,Taiwan,150750,Technology,"$512,550.00 "
HTGM,HTG Molecular Diagnostics Inc. Common Stock,$5.85 ,0.38,6.95%,Micro,United States,87579,Capital Goods,"$512,337.15 "
CHSCP,CHS Inc. 8%  Cumulative Redeemable Preferred Stock,$30.22 ,0.04,0.13%,Micro,United States,16877,Consumer Services,"$510,022.94 "
TVACU,Thayer Ventures Acquisition Corporation Units,$10.18 ,0,0.00%,Micro,United States,50028,Finance,"$509,285.04 "
IKNX,Ikonics Corporation,$10.50 ,0.7,7.14%,Micro,United States,48428,Miscellaneous,"$508,494.00 "
RCLFU,Rosecliff Acquisition Corp I Unit,$9.93 ,0.01,0.10%,Micro,United States,51188,Finance,"$508,296.84 "
ADNWW,Advent Technologies Holdings Inc. Warrant,$2.41 ,0.11,4.78%,Micro,United States,209436,Miscellaneous,"$504,740.76 "
SQBG,Sequential Brands Group Inc. Common Stock,$22.22 ,-0.66,-2.89%,Micro,United States,22627,Consumer Non-Durables,"$502,771.94 "
AEAC,Authentic Equity Acquisition Corp. Class A ordinary share,$9.67 ,-0.03,-0.31%,Micro,United States,51910,Finance,"$501,969.70 "
NAACU,North Atlantic Acquisition Corporation Unit,$9.94 ,-0.01,-0.10%,Micro,Malta,50459,Finance,"$501,562.46 "