Symbol,Name,Last Sale,Net Change,% Change,Market Cap,Country,Volume,Sector,Price x Volume,Smooth Test
ACY,AeroCentury Corp. Common Stock,9.70,6.15,1.73,Micro,United States,147576394.00,Technology,1431491021.80,FALSE
SNOA,Sonoma Pharmaceuticals Inc. Common Stock,8.80,1.37,0.18,Micro,United States,15284234.00,Health Care,134501259.20,FALSE
VIACP,ViacomCBS Inc. 5.75% Series A Mandatory Convertible Preferred Stock,67.10,-0.05,0.00,Micro,United States,938743.00,Consumer Services,62989655.30,TRUE
PFIN,P & F Industries Inc. Class A Common Stock,7.66,1.06,0.16,Micro,United States,7126818.00,Technology,54591425.88,TRUE
CMIIU,CM Life Sciences II Inc. Unit,14.12,1.32,0.10,Micro,United States,3558618.00,Finance,50247686.16,TRUE
MDLY,Medley Management Inc. Class A Common Stock,7.90,0.90,0.13,Micro,United States,5469918.00,Finance,43212352.20,FALSE
AVGOP,Broadcom Inc. 8.00% Mandatory Convertible Preferred Stock Series A,1502.53,28.04,0.02,Micro,United States,26678.00,Technology,40084495.34,TRUE
ARVL,Arrival Ordinary Shares,16.24,0.18,0.01,Micro,Luxembourg,2368977.00,Finance,38472186.48,TRUE
GBR,New Concept Energy Inc Common Stock,5.24,0.95,0.22,Micro,United States,5784015.00,Energy,30308238.60,FALSE
EEIQ,Elite Education Group International Ltd. Common Stock,11.91,-0.59,-0.05,Micro,United States,2469970.00,Consumer Services,29417342.70,FALSE
TLGT,Teligent Inc. Common Stock,0.70,0.08,0.13,Micro,United States,39450026.00,Health Care,27615018.20,FALSE
YVR,Liquid Media Group Ltd. Common Shares,3.65,-0.54,-0.13,Micro,Canada,7397553.00,Technology,27001068.45,TRUE
JAN,JanOne Inc. Common Stock (NV),8.80,0.38,0.05,Micro,United States,2944778.00,Consumer Services,25914046.40,FALSE
BNTC,Benitec Biopharma Inc. Common Stock,5.81,0.64,0.12,Micro,United States,4196670.00,Health Care,24382652.70,FALSE
WAFU,Wah Fu Education Group Limited Ordinary Shares,10.32,-2.18,-0.17,Micro,China,2315970.00,Consumer Services,23900810.40,FALSE
HPR,HighPoint Resources Corporation Common Stock,4.73,-0.74,-0.14,Micro,,4060201.00,Energy,19204750.73,FALSE
SJIV,South Jersey Industries Inc. Corporate Units,50.40,0.71,0.01,Micro,United States,285185.00,Public Utilities,14373324.00,TRUE
IMTE,Integrated Media Technology Limited Ordinary Shares,5.91,0.30,0.05,Micro,Australia,2323629.00,Consumer Non-Durables,13732647.39,FALSE
TWOA,two Class A Ordinary Shares,9.95,0.00,0.00,Micro,,1236907.00,Finance,12307224.65,TRUE
SWT,Stanley Black & Decker Inc. Corporate Unit,121.49,3.51,0.03,Micro,United States,99084.00,Capital Goods,12037715.16,TRUE
TYHT,Shineco Inc. Common Stock,4.74,0.65,0.16,Micro,China,2324161.00,Consumer Non-Durables,11016523.14,FALSE
VTSI,VirTra Inc. Common Stock,5.57,-0.58,-0.09,Micro,United States,1964481.00,Consumer Durables,10942159.17,FALSE
AEHL,Antelope Enterprise Holdings Limited Common Stock (0.024 par),3.09,-0.02,-0.01,Micro,China,3447129.00,Capital Goods,10651628.61,TRUE
AESC,The AES Corporation Corporate Units,104.80,1.50,0.01,Micro,United States,87617.00,Basic Industries,9182261.60,TRUE
SRNGU,Soaring Eagle Acquisition Corp. Unit,10.18,0.06,0.01,Micro,United States,899149.00,Finance,9153336.82,TRUE
CLWT,Euro Tech Holdings Company Limited Common Stock,3.54,0.44,0.14,Micro,Hong Kong,2585654.00,Consumer Durables,9153215.16,TRUE
RCON,Recon Technology Ltd. Ordinary Shares,5.16,-1.32,-0.20,Micro,China,1753385.00,Energy,9047466.60,FALSE
UUU,Universal Security Instruments Inc. Common Stock,7.16,0.41,0.06,Micro,United States,1244053.00,Technology,8907419.48,FALSE
AIZN,Assurant Inc. 5.25% Subordinated Notes due 2061,25.77,0.05,0.00,Micro,United States,344269.00,Finance,8871812.13,TRUE
NRACU,Noble Rock Acquisition Corporation Unit,9.91,0.02,0.00,Micro,United States,847557.00,Finance,8399289.87,TRUE
SPKBU,Silver Spike Acquisition Corp II Units,9.97,0.03,0.00,Micro,United States,787477.00,Finance,7851145.69,TRUE
MSDAU,MSD Acquisition Corp. Unit,10.18,0.03,0.00,Micro,United States,758081.00,Finance,7717264.58,TRUE
HERAU,FTAC Hera Acquisition Corp. Units,9.97,-0.02,0.00,Micro,United States,767890.00,Finance,7655863.30,TRUE
CPHI,China Pharma Holdings Inc. Common Stock,0.94,0.10,0.12,Micro,China,8051725.00,Health Care,7556543.91,FALSE
DUKB,Duke Energy Corporation 5.625% Junior Subordinated Debentures due 2078,26.90,0.06,0.00,Micro,United States,271614.00,Public Utilities,7306416.60,TRUE
ASAI,Sendas Distribuidora S.A. ADS,13.05,0.05,0.00,Micro,,552469.00,Consumer Services,7209720.45,TRUE
NGCAU,NextGen Acquisition Corp. II Units,9.93,0.03,0.00,Micro,United States,600132.00,Finance,5959310.76,TRUE
POAI,Predictive Oncology Inc. Common Stock,1.47,0.26,0.21,Micro,United States,3875059.00,Health Care,5696336.73,FALSE
SSAA,Science Strategic Acquisition Corp. Alpha Class A Common Stock,9.75,0.13,0.01,Micro,United States,576685.00,Finance,5622678.75,TRUE
GSAQU,Global Synergy Acquisition Corp. Units,10.03,0.07,0.01,Micro,United States,526133.00,Finance,5277113.99,TRUE
DHHC,DiamondHead Holdings Corp. Class A Common Stock,9.75,-0.01,0.00,Micro,United States,531333.00,Finance,5180496.75,TRUE
NLSP,NLS Pharmaceutics Ltd. Ordinary Shares,4.12,0.08,0.02,Micro,Switzerland,1252093.00,Health Care,5158623.16,FALSE
PXS,Pyxis Tankers Inc. Common Stock,1.12,0.09,0.09,Micro,Greece,4542818.00,Transportation,5087956.16,TRUE
TSIBU,Tishman Speyer Innovation Corp. II Unit,10.00,0.00,0.00,Micro,United States,508386.00,Finance,5083860.00,TRUE
PFDRU,Pathfinder Acquisition Corporation Unit,9.96,0.06,0.01,Micro,United States,504181.00,Finance,5021642.76,TRUE
BPYUP,Brookfield Property REIT Inc. 6.375% Series A Preferred Stock,25.20,0.47,0.02,Micro,United States,188174.00,Consumer Services,4741984.80,TRUE
QRTEP,Qurate Retail Inc. 8.0% Fixed Rate Cumulative Redeemable Preferred Stock,101.89,0.24,0.00,Micro,United States,46479.00,Consumer Services,4735745.31,TRUE
SHACU,SCP & CO Healthcare Acquisition Company Unit,9.99,0.02,0.00,Micro,United States,470586.00,Finance,4701154.14,TRUE
SBNYP,Signature Bank Depositary shares each representing a 1/40th ownership interest in a share of 5.000% Noncumulative Perpetual Series A Preferred Stock,25.70,-0.05,0.00,Micro,United States,165888.00,Finance,4263321.60,FALSE
SPCB,SuperCom Ltd. Ordinary Shares (Israel),1.68,0.07,0.04,Micro,Israel,2472185.00,Technology,4153270.80,FALSE
SOJE,Southern Company (The) Series 2020C 4.20% Junior Subordinated Notes due October 15 2060,25.00,0.15,0.01,Micro,United States,162740.00,Public Utilities,4068500.00,TRUE
BBIG,Vinco Ventures Inc. Common Stock,2.64,0.08,0.03,Micro,United States,1540128.00,Consumer Non-Durables,4065937.92,FALSE
FAMI,Farmmi Inc. Ordinary Shares,1.13,0.04,0.04,Micro,China,3547468.00,Consumer Non-Durables,4008638.84,FALSE
SSY,SunLink Health Systems Inc. Common Stock,2.78,0.06,0.02,Micro,United States,1423861.00,Health Care,3958333.58,FALSE
SSNT,SilverSun Technologies Inc. Common Stock,8.35,0.71,0.09,Micro,United States,470815.00,Miscellaneous,3931305.25,FALSE
BOWXW,BowX Acquisition Corp. Warrant,2.85,0.71,0.33,Micro,United States,1328656.00,Finance,3786669.60,FALSE
FSSIU,Fortistar Sustainable Solutions Corp. Unit,10.11,0.20,0.02,Micro,United States,369368.00,Finance,3734310.48,TRUE
RHE,Regional Health Properties Inc. Common Stock,5.17,0.59,0.13,Micro,,721166.00,Consumer Services,3728428.22,TRUE
RILYT,B. Riley Financial Inc. 6.00% Senior Notes Due 2028,25.53,-0.32,-0.01,Micro,United States,140012.00,Miscellaneous,3574506.36,TRUE
PGRW,Progress Acquisition Corp. Class A Common Stock,9.75,0.01,0.00,Micro,United States,364902.00,Finance,3557794.50,TRUE
BDXB,Becton Dickinson and Company Depositary Shares each Representing a 1/20th Interest in a Share of 6.00% Mandatory Convertible Preferred Stock Series B,53.78,0.06,0.00,Micro,United States,65673.00,Health Care,3531893.94,TRUE
CLEU,China Liberal Education Holdings Limited Ordinary Shares,4.13,0.11,0.03,Micro,China,848650.00,Consumer Services,3504924.50,FALSE
GTPBU,Gores Technology Partners II Inc. Units,10.03,0.05,0.01,Micro,United States,331159.00,Finance,3321524.77,TRUE
SVFAU,SVF Investment Corp. Unit,10.76,0.20,0.02,Micro,United States,303964.00,Finance,3270652.64,TRUE
NBY,NovaBay Pharmaceuticals Inc. Common Stock,0.97,0.06,0.07,Micro,United States,3358006.00,Health Care,3257265.82,FALSE
LLIT,Lianluo Smart Limited Class A Common Stock,8.60,-0.17,-0.02,Micro,China,376723.00,Consumer Services,3239817.80,FALSE
QFTA,Quantum FinTech Acquisition Corporation Common Stock,9.68,0.02,0.00,Micro,,331309.00,Finance,3207071.12,TRUE
RTPYU,Reinvent Technology Partners Y Unit,10.04,0.00,0.00,Micro,United States,316354.00,Finance,3176194.16,TRUE
CEI,Camber Energy Inc. Common Stock,1.06,0.03,0.03,Micro,United States,2977663.00,Energy,3156322.78,FALSE
SINT,SiNtx Technologies Inc. Common Stock,1.90,0.03,0.02,Micro,United States,1648753.00,Health Care,3132630.70,FALSE
MBINN,Merchants Bancorp Depositary Shares Preferred Series C,25.62,0.10,0.00,Micro,United States,120483.00,Finance,3086774.46,TRUE
TCBIO,Texas Capital Bancshares Inc. Depositary Shares 5.75% Fixed Rate Non-Cumulative Perpetual Preferred Stock Series B,25.52,0.13,0.01,Micro,United States,119761.00,Finance,3056300.72,TRUE
MACQU,MCAP Acquisition Corporation Unit,9.97,0.02,0.00,Micro,United States,303413.00,Finance,3025027.61,TRUE
LMACU,Liberty Media Acquisition Corporation Unit,10.74,0.03,0.00,Micro,United States,280985.00,Finance,3017778.90,TRUE
AWX,Avalon Holdings Corporation Common Stock,4.10,0.43,0.12,Micro,United States,705022.00,Public Utilities,2890590.20,TRUE
RMGCU,RMG Acquisition Corp. III Unit,9.99,0.04,0.00,Micro,United States,287544.00,Finance,2872564.56,TRUE
ENNVU,ECP Environmental Growth Opportunities Corp. Unit,9.99,-0.09,-0.01,Micro,United States,286424.00,Finance,2861375.76,TRUE
TBB,AT&T Inc. 5.350% Global Notes due 2066,26.40,0.22,0.01,Micro,United States,107399.00,Public Utilities,2835333.60,TRUE
RZB,Reinsurance Group of America Incorporated 5.75% Fixed-To-Floating Rate Subordinated Debentures due 2056,28.20,0.06,0.00,Micro,United States,99340.00,Finance,2801388.00,TRUE
NVSAU,New Vista Acquisition Corp Unit,10.00,0.01,0.00,Micro,United States,279301.00,Finance,2793010.00,TRUE
AGNCO,AGNC Investment Corp. Depositary Shares each representing a 1/1000th interest in a share of 6.50% Series E Fixed-to-Floating Cumulative Redeemable Preferred Stock,24.80,0.17,0.01,Micro,United States,112112.00,Consumer Services,2780377.60,TRUE
TANH,Tantech Holdings Ltd. Common Stock,1.56,0.11,0.08,Micro,China,1769749.00,Basic Industries,2760808.44,FALSE
FULTP,Fulton Financial Corporation Depositary Shares Each Representing a 1/40th Interest in a Share of Fixed Rate Non-Cumulative Perpetual Preferred Stock Series A,26.01,-0.18,-0.01,Micro,United States,105018.00,Finance,2731518.18,TRUE
GGPIU,Gores Guggenheim Inc. Unit,9.97,0.04,0.00,Micro,United States,273805.00,Finance,2729835.85,TRUE
BAMH,Brookfield Finance Inc. 4.625% Subordinated Notes due October 16 2080,24.51,0.20,0.01,Micro,,109350.00,Consumer Services,2680168.50,TRUE
SDACU,Sustainable Development Acquisition I Corp. Unit,10.00,0.05,0.01,Micro,United States,267909.00,Finance,2679090.00,TRUE
IO,Ion Geophysical Corporation Common Stock,2.30,0.16,0.07,Micro,United States,1146496.00,Energy,2636940.80,FALSE
DTW,DTE Energy Company 2017 Series E 5.25% Junior Subordinated Debentures due 2077,26.20,0.11,0.00,Micro,United States,99910.00,Public Utilities,2617642.00,TRUE
DCRNU,Decarbonization Plus Acquisition Corporation II Unit,10.07,0.01,0.00,Micro,United States,256206.00,Finance,2579994.42,TRUE
GTPAU,Gores Technology Partners Inc. Units,10.05,0.04,0.00,Micro,United States,256667.00,Finance,2579503.35,TRUE
ACTDU,ArcLight Clean Transition Corp. II Unit,10.00,0.00,0.00,Micro,United States,257510.00,Finance,2575100.00,TRUE
HUSA,Houston American Energy Corporation Common Stock,2.11,0.09,0.04,Micro,United States,1218204.00,Energy,2570410.44,FALSE
DTP,DTE Energy Company 6.25% Corporate Units,49.99,0.30,0.01,Micro,United States,49866.00,Public Utilities,2492801.34,TRUE
ZNTE,Zanite Acquisition Corp. Class A Common Stock,10.00,0.05,0.01,Micro,United States,247858.00,Finance,2478580.00,TRUE
PIPP,Pine Island Acquisition Corp. Class A Common Stock,10.02,0.01,0.00,Micro,United States,245964.00,Finance,2464559.28,TRUE
DCUE,Dominion Energy Inc. 2019 Series A Corporate Units,99.36,0.52,0.01,Micro,United States,24452.00,Public Utilities,2429550.72,TRUE
ITHX,ITHAX Acquisition Corp. Class A Ordinary Shares,9.66,-0.09,-0.01,Micro,United States,251337.00,Finance,2427915.42,TRUE
PCGU,Pacific Gas & Electric Co. Equity Unit,113.17,-0.93,-0.01,Micro,United States,21315.00,Public Utilities,2412218.55,TRUE
PPGHU,Poema Global Holdings Corp. Unit,10.05,0.03,0.00,Micro,China,236943.00,Finance,2381277.15,TRUE
UZE,United States Cellular Corporation 5.500% Senior Notes due 2070,25.45,-0.03,0.00,Micro,United States,93148.00,Public Utilities,2370616.60,TRUE
GLBS,Globus Maritime Limited Common Stock,4.65,-0.05,-0.01,Micro,Greece,491083.00,Transportation,2283535.95,FALSE
RMED,Ra Medical Systems Inc. Common Stock,4.91,0.25,0.05,Micro,,460671.00,Health Care,2261894.61,FALSE
ENBA,Enbridge Inc 6.375% Fixed-to-Floating Rate Subordinated Notes Series 2018-B due 2078,26.55,0.19,0.01,Micro,Canada,84783.00,Energy,2250988.65,TRUE
CTBB,Qwest Corporation 6.5% Notes due 2056,25.66,0.04,0.00,Micro,United States,86883.00,Public Utilities,2229417.78,TRUE
FITBI,Fifth Third Bancorp Depositary Shares,28.20,0.05,0.00,Micro,United States,78805.00,Finance,2222301.00,TRUE
BOWXU,BowX Acquisition Corp. Unit,13.87,1.50,0.12,Micro,United States,158220.00,Finance,2194511.40,TRUE
CFXA,Colfax Corporation 5.75% Tangible Equity Units,181.98,1.82,0.01,Micro,United States,12018.00,Capital Goods,2187035.64,TRUE
TCBIL,Texas Capital Bancshares Inc. 6.50% Subordinated Notes due 2042,25.52,0.05,0.00,Micro,United States,85601.00,Finance,2184537.52,TRUE
ISLE,Isleworth Healthcare Acquisition Corporation Common stock,9.70,0.01,0.00,Micro,United States,224797.00,Finance,2180530.90,TRUE
MLND,Millendo Therapeutics Inc. Common Stock,1.27,0.07,0.06,Micro,United States,1706209.00,Health Care,2166885.43,FALSE
SGBX,SG Blocks Inc. Common Stock,4.86,0.20,0.04,Micro,United States,438082.00,Consumer Services,2129078.52,FALSE
BHFAN,Brighthouse Financial Inc. Depositary shares each representing a 1/1000th interest in a share of 5.375% Non-Cumulative Preferred Stock Series C,26.72,0.12,0.00,Micro,United States,79205.00,Finance,2116357.60,TRUE
EARS,Auris Medical Holding Ltd. Common Shares 0.01 SF (Bermuda),3.42,-0.06,-0.02,Micro,Bermuda,610897.00,Health Care,2089267.74,FALSE
SOLN,Southern Company (The) 2019 Series A Corporate Units,51.39,0.46,0.01,Micro,United States,40497.00,Public Utilities,2081140.83,TRUE
DTOCU,Digital Transformation Opportunities Corp. Units,9.95,0.06,0.01,Micro,United States,208258.00,Finance,2072167.10,TRUE
ARVLW,Arrival Warrant,5.79,0.14,0.02,Micro,Luxembourg,356790.00,Finance,2065814.10,TRUE
GOVX,GeoVax Labs Inc. Common Stock,4.53,0.15,0.03,Micro,United States,454934.00,Health Care,2060851.02,FALSE
SOJD,Southern Company (The) Series 2020A 4.95% Junior Subordinated Notes due January 30 2080,26.58,0.26,0.01,Micro,United States,76934.00,Public Utilities,2044905.72,TRUE
FRSGU,First Reserve Sustainable Growth Corp. Unit,9.95,-0.05,-0.01,Micro,United States,200129.00,Finance,1991283.55,TRUE
DHCNI,Diversified Healthcare Trust 5.625% Senior Notes due 2042,23.18,0.08,0.00,Micro,United States,84998.00,Consumer Services,1970253.64,TRUE
DTB,DTE Energy Company 2020 Series G 4.375% Junior Subordinated Debentures due 2080,25.08,-0.05,0.00,Micro,United States,76790.00,Public Utilities,1925893.20,TRUE
HBANP,Huntington Bancshares Incorporated Depositary Shares 4.500% Series H Non-Cumulative Perpetual Preferred Stock,25.19,-0.11,0.00,Micro,United States,75169.00,Finance,1893131.27,TRUE
HOTH,Hoth Therapeutics Inc. Common Stock,2.03,0.06,0.03,Micro,United States,908400.00,Health Care,1844052.00,FALSE
USEG,U.S. Energy Corp. Common Stock,4.53,0.15,0.03,Micro,United States,405370.00,Energy,1836326.10,FALSE
THBRW,Thunder Bridge Acquisition II Ltd. Warrants,2.45,0.26,0.12,Micro,United States,748494.00,Finance,1833810.30,TRUE
CETX,Cemtrex Inc. Common Stock,1.86,-0.02,-0.01,Micro,United States,982429.00,Capital Goods,1827317.94,FALSE
PRPO,Precipio Inc.  Common Stock,2.33,0.02,0.01,Micro,United States,779807.00,Capital Goods,1816950.31,TRUE
BHFAL,Brighthouse Financial Inc. 6.25% Junior Subordinated Debentures due 2058,27.36,0.24,0.01,Micro,United States,65251.00,Finance,1785541.41,TRUE
BPYPO,Brookfield Property Partners L.P. 6.375% Class A Cumulative Redeemable Perpetual Preferred Units Series 2,25.36,-0.35,-0.01,Micro,Bermuda,69748.00,Finance,1768809.28,TRUE
EUCR,Eucrates Biomedical Acquisition Corp. Ordinary Shares,9.69,-0.29,-0.03,Micro,United States,180918.00,Finance,1753095.42,TRUE
GIIXU,Gores Holdings VIII Inc. Unit,9.97,-0.03,0.00,Micro,United States,174451.00,Finance,1739276.47,TRUE
HGH,Hartford Financial Services Group Inc. (The) 7.875% Fixed to Floating Rate Junior Subordinated Debentures due 2042,27.10,0.26,0.01,Micro,United States,64106.00,Finance,1737272.60,TRUE
MTCN,ArcelorMittal 5.50% Mandatorily Convertible Subordinated Notes due 2023,69.18,0.33,0.00,Micro,Luxembourg,25081.00,Basic Industries,1735103.58,TRUE
FORA,Forian Inc. Common Stock,9.75,-0.36,-0.04,Micro,United States,176135.00,Technology,1717316.25,TRUE
CLRMU,Clarim Acquisition Corp. Unit,10.00,0.05,0.01,Micro,United States,171684.00,Finance,1716840.00,TRUE
DISAU,Disruptive Acquisition Corporation I Unit,9.93,0.05,0.01,Micro,United States,171916.00,Finance,1707125.88,TRUE
SNCA,Seneca Biopharma Inc. Common Stock,1.69,-0.01,-0.01,Micro,United States,997069.00,Health Care,1685046.61,TRUE
GMIIU,Gores Metropoulos II Inc. Unit,10.11,0.01,0.00,Micro,United States,165590.00,Finance,1674114.90,TRUE
PCTTW,PureCycle Technologies Inc. Warrant,13.19,-0.73,-0.05,Micro,United States,125037.00,Basic Industries,1649238.03,TRUE
AEPPL,American Electric Power Company Inc. Corporate Unit,48.84,0.58,0.01,Micro,United States,33092.00,Public Utilities,1616213.28,TRUE
UZD,United States Cellular Corporation 6.250% Senior Notes due 2069,26.28,0.17,0.01,Micro,United States,61349.00,Public Utilities,1612251.72,TRUE
STRR,Star Equity Holdings Inc. Common Stock,3.32,0.20,0.06,Micro,United States,485296.00,Health Care,1611182.72,TRUE
CTDD,Qwest Corporation 6.75% Notes due 2057,26.32,0.20,0.01,Micro,United States,60846.00,Public Utilities,1601466.72,TRUE
SXTC,China SXT Pharmaceuticals Inc. Ordinary Shares,1.91,0.07,0.04,Micro,China,837257.00,Health Care,1599160.87,FALSE
CREG,China Recycling Energy Corporation Common Stock,8.00,-0.05,-0.01,Micro,China,199289.00,Miscellaneous,1594312.00,FALSE
RCMT,RCM Technologies Inc. Common Stock,3.75,0.20,0.06,Micro,United States,424840.00,Technology,1593150.00,FALSE
ACAHU,Atlantic Coastal Acquisition Corp. Unit,9.95,0.10,0.01,Micro,United States,159007.00,Finance,1582119.65,TRUE
BSQR,BSQUARE Corporation Common Stock,3.58,0.16,0.05,Micro,United States,441699.00,Miscellaneous,1581282.42,TRUE
HUSN,Hudson Capital Inc. Ordinary Shares,3.14,0.23,0.08,Micro,China,502969.00,Consumer Services,1579322.66,FALSE
EDTK,Skillful Craftsman Education Technology Limited Ordinary Share,3.54,0.07,0.02,Micro,China,444836.00,Consumer Services,1574719.44,TRUE
SOJC,Southern Company (The) Series 2017B 5.25% Junior Subordinated Notes due December 1 2077,26.35,-0.10,0.00,Micro,United States,59702.00,Public Utilities,1573147.70,TRUE
SOJB,Southern Company (The) Series 2016A 5.25% Junior Subordinated Notes due October 1 2076,25.77,0.29,0.01,Micro,United States,60763.00,Public Utilities,1565862.51,TRUE
NRUC,National Rural Utilities Cooperative Finance Corporation 5.500% Subordinated Notes due 2064 (Subordinated Deferrable Interest Notes),26.64,0.21,0.01,Micro,,58373.00,Finance,1555056.72,TRUE
GMBTU,Queen's Gambit Growth Capital Unit,10.08,-0.01,0.00,Micro,United States,153939.00,Finance,1551705.12,TRUE
SGLB,Sigma Labs Inc. Common Stock,3.73,0.01,0.00,Micro,United States,412675.00,Consumer Durables,1539277.75,FALSE
GSEVU,Gores Holdings VII Inc. Units,10.03,0.07,0.01,Micro,United States,153292.00,Finance,1537518.76,TRUE
HIIIU,Hudson Executive Investment Corp. III Unit,9.92,0.00,0.00,Micro,United States,154752.00,Finance,1535139.84,TRUE
BHAT,Blue Hat Interactive Entertainment Technology Ordinary Shares,1.41,0.05,0.04,Micro,China,1067424.00,Consumer Non-Durables,1505067.84,TRUE
NTEC,Intec Pharma Ltd. Ordinary Shares,4.53,0.16,0.04,Micro,Israel,329872.00,Health Care,1494320.16,FALSE
WINT,Windtree Therapeutics Inc. Common Stock,2.52,0.07,0.03,Micro,United States,590094.00,Health Care,1487036.88,FALSE
AAC,Ares Acquisition Corporation Class A Ordinary Shares,9.77,-0.13,-0.01,Micro,,151921.00,Finance,1484268.17,TRUE
CARV,Carver Bancorp Inc. Common Stock,9.54,0.46,0.05,Micro,United States,154998.00,Finance,1478680.92,FALSE
CLIM,Climate Real Impact Solutions II Acquisition Corporation Class A Common Stock,9.80,0.07,0.01,Micro,,150280.00,Finance,1472744.00,TRUE
DRUA,Dominion Energy Inc. 2016 Series A 5.25% Enhanced Junior Subordinated Notes due 2076,25.70,0.15,0.01,Micro,United States,57169.00,Public Utilities,1469243.30,TRUE
PUCKU,Goal Acquisitions Corp. Unit,10.06,0.05,0.01,Micro,United States,144383.00,Finance,1452492.98,TRUE
KRNL,Kernel Group Holdings Inc. Class A Ordinary Shares,9.65,9.65,,Micro,United States,150041.00,Finance,1447895.65,TRUE
TBC,AT&T Inc. 5.625% Global Notes due 2067,27.18,0.26,0.01,Micro,United States,53086.00,Public Utilities,1442877.48,TRUE
AGNCP,AGNC Investment Corp. Depositary Shares Each Representing a 1/1000th Interest in a Share of 6.125% Series F Fixed-to-Floating Rate Cumulative Redeemable Preferred Stock,23.82,0.16,0.01,Micro,United States,60366.00,Consumer Services,1437918.12,TRUE
ANY,Sphere 3D Corp. Common Shares,2.71,0.10,0.04,Micro,Canada,529526.00,Technology,1435015.46,TRUE
SLAMU,Slam Corp. Unit,9.98,0.06,0.01,Micro,United States,142705.00,Finance,1424195.90,TRUE
STAF,Staffing 360 Solutions Inc. Common Stock (DE),0.87,0.02,0.03,Micro,United States,1622319.00,Technology,1416608.95,FALSE
ASTC,Astrotech Corporation (DE) Common Stock,2.13,-0.06,-0.03,Micro,United States,657182.00,Capital Goods,1399797.66,FALSE
LCYAU,Landcadia Holdings III Inc. Unit ,10.83,0.33,0.03,Micro,United States,128017.00,Capital Goods,1386424.11,TRUE
PFH,Prudential Financial Inc. 4.125% Junior Subordinated Notes due 2060,25.42,0.09,0.00,Micro,United States,54040.00,Finance,1373696.80,FALSE
WAFDP,Washington Federal Inc. Depositary Shares,25.50,0.01,0.00,Micro,United States,53830.00,Finance,1372665.00,TRUE
ENVI,Environmental Impact Acquisition Corp. Class A Common Stock,9.79,0.10,0.01,Micro,United States,139667.00,Finance,1367339.93,TRUE
PPX,PPL Capital Funding Inc. 2013 Series B Junior Subordinated Notes due 2073,25.93,0.00,0.00,Micro,,52504.00,Public Utilities,1361428.72,TRUE
AEFC,Aegon Funding Company LLC 5.10% Subordinated Notes due 2049,26.26,0.31,0.01,Micro,,51647.00,Finance,1356250.22,TRUE
ICD,Independence Contract Drilling Inc. Common Stock,3.73,0.43,0.13,Micro,,353352.00,Energy,1318002.96,FALSE
ROT,Rotor Acquisition Corp. Class A Common Stock,9.73,-0.08,-0.01,Micro,,134610.00,Finance,1309082.25,TRUE
IFFT,International Flavors & Fragrances Inc. 6.00% Tangible Equity Units,49.28,0.24,0.00,Micro,United States,26195.00,Basic Industries,1290889.60,TRUE
PUCK,Goal Acquisitions Corp. Common Stock,9.64,0.00,0.00,Micro,United States,132241.00,Finance,1274803.24,TRUE
PMGMU,Priveterra Acquisition Corp. Units,9.95,0.01,0.00,Micro,United States,128038.00,Finance,1273978.10,TRUE
CHSCL,CHS Inc Class B Cumulative Redeemable Preferred Stock Series 4,28.78,-0.01,0.00,Micro,United States,44140.00,Consumer Services,1270349.20,TRUE
LMFA,LM Funding America Inc. Common Stock,1.33,0.04,0.03,Micro,United States,955113.00,Finance,1270300.29,FALSE
RZA,Reinsurance Group of America Incorporated 6.20% Fixed-to-Floating Rate Subordinated Debentures due 2042,27.10,0.23,0.01,Micro,United States,46760.00,Finance,1267196.00,TRUE
SONN,Sonnet BioTherapeutics Holdings Inc. Common Stock,2.39,0.14,0.06,Micro,United States,529905.00,Health Care,1266472.95,FALSE
DLCAU,Deep Lake Capital Acquisition Corp. Unit,10.05,-0.01,0.00,Micro,United States,125582.00,Finance,1262099.10,TRUE
SCOA,ScION Tech Growth I Class A Ordinary Shares,9.82,0.02,0.00,Micro,United Kingdom,128116.00,Finance,1258099.12,TRUE
SWETU,Athlon Acquisition Corp. Unit,10.03,0.14,0.01,Micro,United States,124966.00,Finance,1253408.98,TRUE
HAACU,Health Assurance Acquisition Corp. SAIL Securities,10.98,0.22,0.02,Micro,United States,113434.00,Finance,1245505.32,TRUE
NOAC,Natural Order Acquisition Corp. Common Stock,9.87,0.09,0.01,Micro,United States,125795.00,Finance,1241596.65,TRUE
TVC,Tennessee Valley Authority Common Stock,26.43,0.05,0.00,Micro,United States,46878.00,Public Utilities,1238985.54,TRUE
CMSD,CMS Energy Corporation 5.875% Junior Subordinated Notes due 2079,27.44,0.28,0.01,Micro,United States,45013.00,Public Utilities,1235156.72,TRUE
HYACU,Haymaker Acquisition Corp. III Unit,9.95,0.01,0.00,Micro,United States,123593.00,Finance,1229750.35,TRUE
KRNLU,Kernel Group Holdings Inc. Units,10.00,0.02,0.00,Micro,United States,122418.00,Finance,1224180.00,TRUE
TBSAU,TB SA Acquisition Corp Unit,9.85,0.00,0.00,Micro,Cayman Islands,124199.00,Finance,1223360.15,TRUE
QVCC,QVC Inc. 6.250% Senior Secured Notes due 2068,25.48,0.43,0.02,Micro,United States,47932.00,Consumer Services,1221307.36,TRUE
RILYK,B. Riley Financial Inc. 5.50% Senior Notes Due 2026,25.11,0.06,0.00,Micro,United States,48593.00,Miscellaneous,1220170.23,TRUE
SNGX,Soligenix Inc. Common Stock,1.56,0.03,0.02,Micro,United States,780583.00,Health Care,1217709.48,FALSE
SREA,Sempra Energy 5.750% Junior Subordinated Notes due 2079,27.47,0.21,0.01,Micro,United States,44001.00,Public Utilities,1208707.47,TRUE
GFLU,GFL Environmental Inc. Tangible Equity Units,82.92,1.35,0.02,Micro,,14292.00,Public Utilities,1185092.64,TRUE
MGR,Affiliated Managers Group Inc. 5.875% Junior Subordinated Notes due 2059,27.74,0.35,0.01,Micro,United States,42242.00,Finance,1171793.08,TRUE
CRTD,Creatd Inc. Common Stock,4.48,0.18,0.04,Micro,United States,258656.00,Consumer Services,1158778.88,TRUE
NDACU,NightDragon Acquisition Corp. SCALE Units,10.23,0.03,0.00,Micro,United States,113221.00,Finance,1158250.83,TRUE
OPENW,Opendoor Technologies Inc Warrants expiring 12/18/2025,10.49,0.28,0.03,Micro,United States,110000.00,Finance,1153900.00,TRUE
PRCHW,Porch Group Inc. Warrant,6.50,0.35,0.06,Micro,United States,175421.00,Technology,1140236.50,TRUE
EAI,Entergy Arkansas LLC First Mortgage Bonds 4.875% Series Due September 1 2066,25.50,0.08,0.00,Micro,United States,43866.00,Public Utilities,1118583.00,TRUE
BCTX,BriaCell Therapeutics Corp. Common Shares,3.80,-0.06,-0.02,Micro,Canada,291146.00,Health Care,1106354.80,TRUE
AQNA,Algonquin Power & Utilities Corp. 6.875% Fixed-to-Floating Rate Subordinated Notes Series 2018-A due October 17 2078,27.12,0.22,0.01,Micro,,40628.00,Public Utilities,1101831.36,TRUE
LCYAW,Landcadia Holdings III Inc. Warrant,1.67,0.18,0.12,Micro,United States,655610.00,Capital Goods,1094868.70,TRUE
VIVE,Viveve Medical Inc. Common Stock,3.09,0.03,0.01,Micro,United States,353938.00,Health Care,1093668.42,FALSE
ELAT,Elanco Animal Health Incorporated 5.00% Tangible Equity Units,44.90,-0.98,-0.02,Micro,United States,24314.00,Health Care,1091698.60,TRUE
SNES,SenesTech Inc. Common Stock,1.84,0.18,0.11,Micro,United States,591270.00,Basic Industries,1087936.80,FALSE
LGACU,Lazard Growth Acquisition Corp. I Units,10.00,0.00,0.00,Micro,,108685.00,Finance,1086850.00,TRUE
WALDU,Waldencast Acquisition Corp. Units,10.05,0.06,0.01,Micro,United States,107869.00,Finance,1084083.45,TRUE
AQNB,Algonquin Power & Utilities Corp. 6.20% Fixed-to-Floating Subordinated Notes Series 2019-A due July 1 2079,27.40,-0.03,0.00,Micro,,39444.00,Public Utilities,1080765.60,TRUE
HBANO,Huntington Bancshares Incorporated Depositary Shares,25.36,0.03,0.00,Micro,United States,42468.00,Finance,1076988.48,TRUE
ESGRP,Enstar Group Limited Depositary Shares Each Representing 1/1000th of an interest in Preference Shares,28.84,0.08,0.00,Micro,Bermuda,37316.00,Finance,1076193.44,TRUE
SSAAU,Science Strategic Acquisition Corp. Alpha Unit,10.00,0.06,0.01,Micro,United States,107473.00,Finance,1074730.00,TRUE
JOB,GEE Group Inc. Common Stock,1.38,0.11,0.09,Micro,United States,778132.00,Technology,1073822.16,FALSE
APOP,Cellect Biotechnology Ltd. American Depositary Shares,3.05,-0.09,-0.03,Micro,Israel,350472.00,Health Care,1068939.60,FALSE
BHFAO,Brighthouse Financial Inc. Depositary Shares 6.75% Non-Cumulative Preferred Stock Series B,28.33,0.43,0.02,Micro,United States,37552.00,Finance,1063848.16,TRUE
PPSI,Pioneer Power Solutions Inc. Common Stock,4.86,0.01,0.00,Micro,United States,218079.00,Consumer Durables,1059863.94,FALSE
ARTL,Artelo Biosciences Inc. Common Stock,1.68,0.05,0.03,Micro,United States,625602.00,Health Care,1051011.36,FALSE
BWSN,Babcock & Wilcox Enterprises Inc. 8.125% Senior Notes due 2026,26.24,-0.25,-0.01,Micro,United States,39986.00,Capital Goods,1049232.64,TRUE
GMTA,GATX Corporation 5.625% Senior Notes due 2066,25.33,-0.36,-0.01,Micro,United States,41350.00,Consumer Services,1047395.50,TRUE
GOEVW,Canoo Inc. Warrant,2.80,-0.03,-0.01,Micro,United States,370133.00,Capital Goods,1036372.40,TRUE
HSTO,Histogen Inc. Common Stock,1.30,0.00,0.00,Micro,United States,789098.00,Health Care,1025827.40,TRUE
KURIU,Alkuri Global Acquisition Corp. Unit,9.97,0.09,0.01,Micro,United States,102851.00,Finance,1025424.47,TRUE
CMLFW,CM Life Sciences Inc. Warrant,5.60,0.42,0.08,Micro,United States,182133.00,Finance,1019944.80,TRUE
MGRB,Affiliated Managers Group Inc. 4.750% Junior Subordinated Notes due 2060,25.74,0.45,0.02,Micro,United States,39122.00,Finance,1007000.28,TRUE
XPL,Solitario Zinc Corp. Common Stock,0.85,0.02,0.02,Micro,United States,1179245.00,Basic Industries,1002240.33,TRUE
ACTCW,ArcLight Clean Transition Corp. Warrant,6.21,0.49,0.09,Micro,United States,161196.00,Capital Goods,1001027.16,TRUE
BNSO,Bonso Electronics International Inc. Common Stock,7.35,0.55,0.08,Micro,Hong Kong,136027.00,Capital Goods,999798.45,TRUE
FCNCP,First Citizens BancShares Inc. Depositary Shares,26.97,0.02,0.00,Micro,United States,36718.00,Finance,990284.46,TRUE
OPINL,Office Properties Income Trust 6.375% Senior Notes due 2050,26.70,-0.17,-0.01,Micro,United States,36933.00,Finance,986111.10,TRUE
LATNU,Union Acquisition Corp. II Units containing one ordinary share and one redeemable warrant,10.73,0.04,0.00,Micro,United States,91104.00,Finance,977545.92,TRUE
SOHO,Sotherly Hotels Inc. Common Stock,3.17,-0.31,-0.09,Micro,United States,308193.00,Consumer Services,976971.81,TRUE
BPYPN,Brookfield Property Partners L.P. 5.750% Class A Cumulative Redeemable Perpetual Preferred Units Series 3,24.48,-0.35,-0.01,Micro,Bermuda,39866.00,Finance,975919.68,TRUE
GIGGU,GigCapital4 Inc. Unit,9.91,0.04,0.00,Micro,United States,97301.00,Finance,964252.91,TRUE
BPYPP,Brookfield Property Partners L.P. 6.50% Class A Cumulative Redeemable Perpetual Preferred Units,25.77,-0.13,-0.01,Micro,Bermuda,37176.00,Finance,958025.52,TRUE
MYT,Urban Tea Inc. Ordinary Shares,3.99,0.28,0.08,Micro,China,239203.00,Consumer Services,954419.97,FALSE
CTIB,Yunhong CTI Ltd. Common Stock,2.37,0.07,0.03,Micro,United States,402656.00,Basic Industries,954294.72,FALSE
COHN,Cohen & Company Inc.,26.19,2.46,0.10,Micro,United States,35708.00,Finance,935188.95,FALSE
AFGB,American Financial Group Inc. 5.875% Subordinated Debentures due 2059,27.87,0.42,0.02,Micro,United States,33230.00,Finance,926120.10,TRUE
HOVNP,Hovnanian Enterprises Inc Dep Shr Srs A Pfd,19.91,-0.15,-0.01,Micro,United States,46241.00,Capital Goods,920427.11,TRUE
OCAXU,OCA Acquisition Corp. Unit,10.08,0.09,0.01,Micro,United States,90945.00,Finance,916725.60,TRUE
ENVIU,Environmental Impact Acquisition Corp. Unit,10.23,0.13,0.01,Micro,United States,88924.00,Finance,909692.52,TRUE
BPTH,Bio-Path Holdings Inc. Common Stock,7.15,0.13,0.02,Micro,United States,127142.00,Health Care,909065.30,FALSE
GFX,Golden Falcon Acquisition Corp. Class A Common Stock,9.69,0.02,0.00,Micro,,93774.00,Finance,908670.06,TRUE
NGAB,Northern Genesis Acquisition Corp. II Common Stock,9.92,0.00,0.00,Micro,,91366.00,Finance,906350.72,TRUE
JCICU,Jack Creek Investment Corp. Units,9.95,0.04,0.00,Micro,United States,90802.00,Finance,903479.90,TRUE
THCBW,Tuscan Holdings Corp. Warrant,3.44,0.22,0.07,Micro,United States,262512.00,Miscellaneous,902962.53,TRUE
DUKH,Duke Energy Corporation 5.125% Junior Subordinated Debentures due 2073,26.18,0.28,0.01,Micro,United States,34282.00,Public Utilities,897502.76,TRUE
OXBR,Oxbridge Re Holdings Limited Ordinary Shares,2.64,0.11,0.04,Micro,Cayman Islands,336646.00,Finance,888745.44,FALSE
CHSCM,CHS Inc Class B Reset Rate Cumulative Redeemable Preferred Stock Series 3,27.87,0.25,0.01,Micro,United States,31862.00,Consumer Services,887993.94,TRUE
LEGOU,Legato Merger Corp. Units,10.23,0.10,0.01,Micro,United States,86244.00,Finance,882276.12,TRUE
PHIO,Phio Pharmaceuticals Corp. Common Stock,2.75,0.07,0.03,Micro,United States,319923.00,Health Care,879788.25,FALSE
ACGLO,Arch Capital Group Ltd. Depositary Shares Each Representing 1/1000th Interest in a Share of 5.45% Non-Cumulative Preferred Shares Series F,26.29,0.05,0.00,Micro,Bermuda,33361.00,Finance,877060.69,TRUE
NVIV,InVivo Therapeutics Holdings Corp Common Stock,1.02,0.03,0.03,Micro,United States,853407.00,Health Care,870475.14,FALSE
LVRAU,Levere Holdings Corp. Unit,10.00,0.04,0.00,Micro,Cayman Islands,87010.00,Finance,870100.00,TRUE
CHSCN,CHS Inc Preferred Class B Series 2 Reset Rate,27.80,0.19,0.01,Micro,United States,31214.00,Consumer Services,867749.20,TRUE
BLCM,Bellicum Pharmaceuticals Inc. Common Stock,3.69,-0.07,-0.02,Micro,United States,232998.00,Health Care,859762.62,FALSE
AGNCN,AGNC Investment Corp. Depositary Shares Each Representing a 1/1000th Interest in a Share of 7.00% Series C Fixed-To-Floating Rate Cumulative Redeemable Preferred Stock,25.57,0.21,0.01,Micro,United States,33377.00,Consumer Services,853449.89,TRUE
GSLD,Global Ship Lease Inc. 8.00% Senior Notes due 2024,25.59,0.01,0.00,Micro,United Kingdom,33267.00,Transportation,851302.53,TRUE
PSTV,PLUS THERAPEUTICS Inc. Common Stock ,2.46,0.06,0.03,Micro,United States,345571.00,Health Care,850104.66,FALSE
VIHAW,VPC Impact Acquisition Holdings Warrant,3.46,0.50,0.17,Micro,United States,240877.00,Technology,833434.42,TRUE
AXAS,Abraxas Petroleum Corporation Common Stock,3.47,0.33,0.11,Micro,United States,239608.00,Energy,831439.76,FALSE
DUOT,Duos Technologies Group Inc. Common Stock,10.70,-0.22,-0.02,Micro,United States,77528.00,Technology,829549.60,FALSE
UZA,United States Cellular Corporation 6.95% Senior Notes due 2060,25.39,0.12,0.00,Micro,United States,31974.00,Public Utilities,811819.86,TRUE
SFET,Safe-T Group Ltd. American Depositary Share,1.41,0.06,0.04,Micro,Israel,573095.00,Technology,808063.95,TRUE
ADEX,Adit EdTech Acquisition Corp. Common Stock,9.73,0.10,0.01,Micro,,82880.00,Finance,806422.40,TRUE
MOSY,MoSys Inc. Common Stock,3.89,0.03,0.01,Micro,United States,206819.00,Technology,804525.91,TRUE
THMO,ThermoGenesis Holdings Inc. Common Stock,2.72,0.03,0.01,Micro,United States,295306.00,Capital Goods,803232.32,FALSE
CFFEU,CF Acquisition Corp. VIII Unit,9.98,0.06,0.01,Micro,United States,79574.00,Finance,794148.52,TRUE
DDT,Dillard's Capital Trust I,25.59,0.24,0.01,Micro,United States,30745.00,Consumer Services,786764.55,TRUE
MLACU,Malacca Straits Acquisition Company Limited Units,10.21,0.01,0.00,Micro,Hong Kong,77018.00,Finance,786353.78,TRUE
OTRKP,Ontrak Inc. 9.50% Series A Cumulative Perpetual Preferred Stock,23.85,-0.30,-0.01,Micro,United States,32800.00,Health Care,782280.00,TRUE
CHSCO,CHS Inc. Class B Cumulative Redeemable Preferred Stock,29.05,0.32,0.01,Micro,United States,26854.00,Consumer Services,780108.70,TRUE
CANF,Can-Fite Biopharma Ltd Sponsored ADR (Israel),2.45,-0.02,-0.01,Micro,Israel,314158.00,Health Care,769687.10,FALSE
WHLRD,Wheeler Real Estate Investment Trust Inc. Series D Cumulative Preferred Stock,18.10,0.10,0.01,Micro,United States,42497.00,Consumer Services,769195.70,TRUE
DHCNL,Diversified Healthcare Trust 6.25% Senior Notes Due 2046,24.40,0.04,0.00,Micro,United States,31370.00,Consumer Services,765428.00,TRUE
HIGA,H.I.G. Acquisition Corp. Class A Ordinary Shares,9.87,-0.07,-0.01,Micro,United States,77011.00,Finance,760098.57,TRUE
JSM,Navient Corporation 6% Senior Notes due December 15 2043,24.45,-0.12,0.00,Micro,United States,31002.00,Finance,757998.90,TRUE
MTBCP,MTBC Inc. 11% Series A Cumulative Redeemable Perpetual Preferred Stock,28.05,0.25,0.01,Micro,United States,26895.00,Technology,754402.06,TRUE
KBSF,KBS Fashion Group Limited Common Stock,3.59,0.30,0.09,Micro,China,209935.00,Consumer Non-Durables,753666.65,FALSE
LCAHU,Landcadia Holdings IV Inc. Units,9.95,0.05,0.01,Micro,United States,75530.00,Finance,751523.50,FALSE
AEPPZ,American Electric Power Company Inc. Corporate Units,49.62,0.76,0.02,Micro,United States,15128.00,Public Utilities,750651.36,TRUE
WTRU,Essential Utilities Inc. 6.00% TEU,57.37,0.18,0.00,Micro,United States,12730.00,Public Utilities,730320.10,TRUE
IPVIU,InterPrivate IV InfraTech Partners Inc. Units,9.97,0.07,0.01,Micro,United States,72843.00,Finance,726244.71,TRUE
ESP,Espey Mfg. & Electronics Corp. Common Stock,15.80,0.60,0.04,Micro,United States,45864.00,Capital Goods,724541.13,TRUE
COWNZ,Cowen Inc. 7.35% Senior Notes Due 2027,25.17,0.01,0.00,Micro,United States,28743.00,Finance,723337.72,FALSE
VRME,VerifyMe Inc. Common Stock,4.36,0.24,0.06,Micro,United States,163255.00,Basic Industries,711791.80,FALSE
PBTS,Powerbridge Technologies Co. Ltd. Ordinary Shares,2.96,-0.06,-0.02,Micro,China,240431.00,Technology,711675.76,TRUE
NYMTM,New York Mortgage Trust Inc. 7.875% Series E Fixed-to-Floating Rate Cumulative Redeemable Preferred Stock,24.50,0.09,0.00,Micro,United States,29008.00,Consumer Services,710696.00,TRUE
FINMU,Marlin Technology Corporation Unit,9.93,0.05,0.01,Micro,United States,71241.00,Finance,707423.13,TRUE
HLAHU,Hamilton Lane Alliance Holdings I Inc. Unit,10.00,0.05,0.00,Micro,United States,70401.00,Finance,704010.00,TRUE
AEACU,Authentic Equity Acquisition Corp. Unit,10.00,0.11,0.01,Micro,United States,70397.00,Finance,703970.00,TRUE
NOACU,Natural Order Acquisition Corp. Unit,10.61,0.09,0.01,Micro,United States,66101.00,Finance,701331.61,TRUE
GRIL,Muscle Maker Inc Common Stock,2.35,0.07,0.03,Micro,United States,297953.00,Consumer Services,700189.55,TRUE
SBBA,Scorpio Tankers Inc. 7.00% Senior Notes due 2025,25.00,0.03,0.00,Micro,Monaco,27943.00,Transportation,698575.00,TRUE
HOLUW,Holicity Inc. Warrant,2.79,-0.10,-0.03,Micro,United States,245262.00,Consumer Services,684280.98,TRUE
NTRSO,Northern Trust Corporation Depositary Shares Each Representing a 1/1000th Interest in a Share of Series E Non-Cumulative Perpetual Preferred Stock,27.00,0.20,0.01,Micro,United States,25188.00,Finance,680076.00,TRUE
OPINI,Office Properties Income Trust 5.875% Senior Notes due 2046,25.30,0.13,0.01,Micro,United States,26631.00,Finance,673764.30,TRUE
RILYG,B. Riley Financial Inc. 7.25% Senior Notes due 2027,25.48,0.04,0.00,Micro,United States,26128.00,Miscellaneous,665741.44,TRUE
ATMR,Altimar Acquisition Corp. II Class A Ordinary Shares,9.85,-0.04,0.00,Micro,,67271.00,Finance,662619.35,TRUE
NPAWW,New Providence Acquisition Corp. Warrant,3.81,0.27,0.08,Micro,United States,171645.00,Consumer Services,653967.45,TRUE
INKAU,KludeIn I Acquisition Corp. Unit,10.00,0.05,0.01,Micro,United States,65294.00,Finance,652940.00,TRUE
GRSVU,Gores Holdings V Inc. Unit,10.32,0.03,0.00,Micro,United States,63235.00,Finance,652585.20,TRUE
NYMTN,New York Mortgage Trust Inc. 8.00% Series D Fixed-to-Floating Rate Cumulative Redeemable Preferred Stock,24.86,0.07,0.00,Micro,United States,26007.00,Consumer Services,646534.02,TRUE
IIVIP,II-VI Incorporated 6.00% Series A Mandatory Convertible Preferred Stock,298.81,10.37,0.04,Micro,United States,2160.00,Capital Goods,645429.60,TRUE
CHFS,CHF Solutions Inc. Common Stock,5.98,0.07,0.01,Micro,United States,106896.00,Health Care,639238.08,FALSE
GVP,GSE Systems Inc. Common Stock,1.62,-0.08,-0.05,Micro,United States,394502.00,Technology,639093.24,TRUE
PCPC,Periphas Capital Partnering Corporation Class A Common Stock,24.05,0.31,0.01,Micro,,26182.00,Finance,629677.10,TRUE
TTNP,Titan Pharmaceuticals Inc. Common Stock,2.89,-0.09,-0.03,Micro,United States,217699.00,Health Care,629150.11,FALSE
PLIN,China Xiangtai Food Co. Ltd. Ordinary Shares,1.04,-0.01,-0.01,Micro,China,603004.00,Consumer Non-Durables,627124.16,TRUE
DTY,DTE Energy Company 2016 Series F 6.00% Junior Subordinated Debentures due 2076,25.98,0.07,0.00,Micro,United States,24136.00,Public Utilities,627053.28,TRUE
ELC,Entergy Louisiana Inc. Collateral Trust Mortgage Bonds 4.875 % Series due September 1 2066,25.52,0.07,0.00,Micro,United States,24453.00,Public Utilities,624040.56,TRUE
SSPKW,Silver Spike Acquisition Corp. Warrants,7.99,0.95,0.13,Micro,United States,77133.00,Technology,616292.67,TRUE
XPDIU,Power & Digital Infrastructure Acquisition Corp. Unit,10.15,0.10,0.01,Micro,United States,60701.00,Finance,616115.15,TRUE
MSACU,Medicus Sciences Acquisition Corp. Unit,10.26,0.41,0.04,Micro,United States,59972.00,Finance,615312.72,TRUE
LEGAU,Lead Edge Growth Opportunities Ltd Units,10.03,0.06,0.01,Micro,United States,61003.00,Finance,611860.09,TRUE
CFIVU,CF Acquisition Corp. IV Unit,10.04,0.01,0.00,Micro,United States,60580.00,Finance,608223.20,TRUE
BHTG,BioHiTech Global Inc. Common Stock,1.56,-0.01,-0.01,Micro,United States,386926.00,Consumer Services,603604.56,FALSE
IIII,INSU Acquisition Corp. III Class A Common Stock,9.95,0.00,0.00,Micro,United States,60635.00,Finance,603318.25,TRUE
BRN,Barnwell Industries Inc. Common Stock,2.72,0.15,0.06,Micro,United States,221174.00,Energy,600487.41,FALSE
TDJ,Telephone and Data Systems Inc. 7% Senior Notes due 2060,25.40,0.03,0.00,Micro,United States,23634.00,Public Utilities,600303.60,TRUE
LJAQU,LightJump Acquisition Corporation Unit,10.04,0.09,0.01,Micro,United States,57467.00,Finance,576968.68,TRUE
INVO,INVO BioScience Inc. Common Stock,4.47,0.14,0.03,Micro,United States,127834.00,Health Care,571417.98,FALSE
TDACW,Trident Acquisitions Corp. Warrants,2.12,0.11,0.05,Micro,United States,269504.00,Finance,571348.48,TRUE
LTBR,Lightbridge Corporation Common Stock,6.39,0.00,0.00,Micro,United States,89376.00,Consumer Services,571112.64,TRUE
BKYI,BIO-key International Inc. Common Stock,3.62,0.13,0.04,Micro,United States,157618.00,Technology,570577.16,FALSE
GGMCU,Glenfarne Merger Corp. Unit,10.00,0.08,0.01,Micro,United States,56858.00,Finance,568580.00,TRUE
COVAU,COVA Acquisition Corp. Unit,9.98,0.03,0.00,Micro,United States,56675.00,Finance,565616.50,TRUE
ENSV,Enservco Corporation Common Stock,1.82,0.09,0.05,Micro,United States,308294.00,Energy,561095.08,FALSE
BAMI,Brookfield Finance Inc. 4.50% Perpetual Subordinated Notes,24.58,0.23,0.01,Micro,,22812.00,Consumer Services,560718.96,TRUE
BTWNU,Bridgetown Holdings Limited Units,11.72,-0.03,0.00,Micro,Hong Kong,47536.00,Finance,557121.92,TRUE
NVVEW,Nuvve Holding Corp. Warrant,2.39,0.48,0.25,Micro,China,232020.00,Capital Goods,554527.80,TRUE
QVCD,QVC Inc. 6.375% Senior Secured Notes due 2067,25.50,0.09,0.00,Micro,United States,21693.00,Consumer Services,553171.50,TRUE
LYL,Dragon Victory International Limited Ordinary Shares,1.55,-0.08,-0.05,Micro,China,355677.00,Finance,551299.35,TRUE
LMAOU,LMF Acquisition Opportunities Inc. Unit,10.19,0.03,0.00,Micro,United States,53852.00,Finance,548751.88,TRUE
APPHW,AppHarvest Inc. Warrants,6.50,-0.19,-0.03,Micro,United States,84272.00,Consumer Non-Durables,547768.00,TRUE
MXC,Mexco Energy Corporation Common Stock,8.80,-0.04,0.00,Micro,United States,62215.00,Energy,547492.00,FALSE
HCAR,Healthcare Services Acquisition Corporation Class A Common Stock,9.71,0.03,0.00,Micro,United States,56165.00,Finance,545362.15,TRUE
CMSC,CMS Energy Corporation 5.875% Junior Subordinated Notes due 2078,27.72,0.08,0.00,Micro,United States,19666.00,Public Utilities,545141.52,TRUE
AMS,American Shared Hospital Services Common Stock,2.67,-0.10,-0.04,Micro,United States,203692.00,Health Care,543857.64,TRUE
FBIOP,Fortress Biotech Inc. 9.375% Series A Cumulative Redeemable Perpetual Preferred Stock,24.04,0.24,0.01,Micro,United States,22398.00,Health Care,538447.92,TRUE
SJIJ,South Jersey Industries Inc. 5.625% Junior Subordinated Notes due 2079,25.72,0.20,0.01,Micro,United States,20902.00,Public Utilities,537599.44,TRUE
EFOI,Energy Focus Inc. Common Stock,4.30,-0.30,-0.07,Micro,United States,124979.00,Consumer Durables,537409.70,FALSE
FWP,Forward Pharma A/S American Depositary Shares,6.77,-0.08,-0.01,Micro,Denmark,79112.00,Health Care,535588.24,FALSE
CREX,Creative Realities Inc. Common Stock,1.77,-0.06,-0.03,Micro,United States,302404.00,Technology,535255.08,TRUE
SIGIP,Selective Insurance Group Inc. Depositary Shares each representing a 1/1000th interest in a share of 4.60% Non-Cumulative Preferred Stock Series B,24.99,0.04,0.00,Micro,United States,21257.00,Finance,531212.43,TRUE
PSACW,Property Solutions Acquisition Corp. Warrant,2.60,0.04,0.02,Micro,United States,202813.00,Capital Goods,527313.80,TRUE
TWCTU,TWC Tech Holdings II Corp. Unit,10.23,0.12,0.01,Micro,United States,51260.00,Finance,524389.80,TRUE
CJJD,China Jo-Jo Drugstores Inc. Common Stock,1.16,0.04,0.04,Micro,China,451760.00,Health Care,524041.60,TRUE
JOFFU,JOFF Fintech Acquisition Corp. Unit,9.97,0.02,0.00,Micro,United States,52512.00,Finance,523544.64,TRUE
EMP,Entergy Mississippi LLC First Mortgage Bonds 4.90% Series Due October 1 2066,25.69,0.14,0.01,Micro,United States,20327.00,Public Utilities,522200.63,TRUE
AFINP,American Finance Trust Inc. 7.50% Series A Cumulative Redeemable Perpetual Preferred Stock,26.69,0.96,0.04,Micro,United States,19269.00,Consumer Services,514289.61,TRUE
GIGM,GigaMedia Limited Ordinary Shares,3.40,-0.01,0.00,Micro,Taiwan,150750.00,Technology,512550.00,TRUE
HTGM,HTG Molecular Diagnostics Inc. Common Stock,5.85,0.38,0.07,Micro,United States,87579.00,Capital Goods,512337.15,FALSE
CHSCP,CHS Inc. 8%  Cumulative Redeemable Preferred Stock,30.22,0.04,0.00,Micro,United States,16877.00,Consumer Services,510022.94,TRUE
TVACU,Thayer Ventures Acquisition Corporation Units,10.18,0.00,0.00,Micro,United States,50028.00,Finance,509285.04,TRUE
IKNX,Ikonics Corporation,10.50,0.70,0.07,Micro,United States,48428.00,Miscellaneous,508494.00,TRUE
RCLFU,Rosecliff Acquisition Corp I Unit,9.93,0.01,0.00,Micro,United States,51188.00,Finance,508296.84,TRUE
ADNWW,Advent Technologies Holdings Inc. Warrant,2.41,0.11,0.05,Micro,United States,209436.00,Miscellaneous,504740.76,TRUE
SQBG,Sequential Brands Group Inc. Common Stock,22.22,-0.66,-0.03,Micro,United States,22627.00,Consumer Non-Durables,502771.94,FALSE
AEAC,Authentic Equity Acquisition Corp. Class A ordinary share,9.67,-0.03,0.00,Micro,United States,51910.00,Finance,501969.70,TRUE
NAACU,North Atlantic Acquisition Corporation Unit,9.94,-0.01,0.00,Micro,Malta,50459.00,Finance,501562.46,TRUE